id,name,market,close,change,turnover,high,low
0050,元大台灣50,TWSE,70.65,-0.1,6856607422,70.7,70.15
0051,元大中型100,TWSE,99.35,0.05,4221506,99.65,99.1
0052,富邦科技,TWSE,41.1,-0.25,2430246081,41.17,40.88
0053,元大電子,TWSE,152,-0.7,2175004,152.6,151.3
0055,元大MSCI金融,TWSE,32.16,0.35,5104255,32.18,31.9
0056,元大高股息,TWSE,38.01,0.05,2005712412,38.01,37.92
0057,富邦摩台,TWSE,205.45,-0.25,8234247,205.5,204.95
0061,元大寶滬深,TWSE,23.86,-0.08,3671017,24.01,23.81
1101,台泥,TWSE,25,0.05,961772356,25.6,24.85
1102,亞泥,TWSE,36.75,-0.1,281644212,37.3,36.7
1103,嘉泥,TWSE,14.15,0.1,4782899,14.15,14.05
1104,環泥,TWSE,30.5,-0.05,10352296,30.55,30.4
1108,幸福,TWSE,15.1,0.05,2800043,15.15,15
1109,信大,TWSE,15.45,0,1413107,15.5,15.45
1110,東泥,TWSE,16.45,0.15,5296346,16.45,16.3
1201,味全,TWSE,14.5,0.05,2326142,14.5,14.4
1203,味王,TWSE,39.9,0.3,221067,39.9,39.6
1210,大成,TWSE,52.4,0.6,50725031,52.4,51.8
1213,大飲,TWSE,10.45,0.55,115753,10.55,10.05
1215,卜蜂,TWSE,148.5,0,136696607,149,146.5
1216,統一,TWSE,76,0.5,584114050,76.3,75.6
1217,愛之味,TWSE,10.65,0.1,8949987,10.65,10.5
1218,泰山,TWSE,18.4,0.05,9485851,18.45,18.3
1219,福壽,TWSE,13.7,0.1,4750278,13.7,13.6
1220,台榮,TWSE,12.55,0,2163067,12.55,12.5
1225,福懋油,TWSE,28.65,0.3,3011826,28.7,28.3
1227,佳格,TWSE,29.6,-0.05,17856587,29.8,29.6
1229,聯華,TWSE,46.95,-0.3,51042768,47.35,46.85
1231,聯華食,TWSE,95.7,0.8,19452740,95.7,94
1232,大統益,TWSE,146,-0.5,6667555,147,145.5
1233,天仁,TWSE,32.3,0,482982,32.3,32.15
1234,黑松,TWSE,37.5,0.15,3094671,37.6,37.4
1235,興泰,TWSE,45.4,0.1,499795,45.6,44.85
1236,宏亞,TWSE,24.7,-0.15,1925878,24.9,24.65
1256,鮮活果汁-KY,TWSE,167,-0.5,6256042,169.5,164.5
1301,台塑,TWSE,42.6,1.55,2447182518,42.8,40.9
1303,南亞,TWSE,69.7,6.3,15501028134,69.7,63.6
1304,台聚,TWSE,11.9,0.35,125384621,12,11.55
1305,華夏,TWSE,12.35,0.75,101989309,12.4,11.55
1307,三芳,TWSE,32.15,0,16868749,32.4,31.8
1308,亞聚,TWSE,14.05,0.3,49927911,14.15,13.7
1309,台達化,TWSE,12.15,0.3,31687627,12.35,11.85
1310,台苯,TWSE,9.2,0.27,47668178,9.26,8.88
1312,國喬,TWSE,13.75,0.9,475207981,14.1,12.75
1313,聯成,TWSE,10.8,0.3,67264797,10.9,10.45
1314,中石化,TWSE,8.27,0.13,238004327,8.39,8.12
1315,達新,TWSE,63.9,0.1,5245588,64.1,63.9
1316,上曜,TWSE,14.7,-0.2,40624570,14.95,14.5
1319,東陽,TWSE,105,6.4,1183549362,106,99.2
1321,大洋,TWSE,34.2,-0.4,9590239,34.6,34
1323,永裕,TWSE,18.9,-0.05,849441,18.95,18.75
1324,地球,TWSE,11.3,0.1,603948,11.3,11.15
1325,恆大,TWSE,29.85,-0.05,15172843,30.25,29.5
1326,台化,TWSE,34.45,2.55,1823351685,34.45,32.05
1337,再生-KY,TWSE,4.87,0.01,602713,4.89,4.85
1338,廣華-KY,TWSE,20.7,0.6,4635873,21,20.1
1339,昭輝,TWSE,43.25,1.65,4501024,43.4,41.6
1340,勝悅-KY,TWSE,6.7,-0.02,1267172,6.78,6.67
1341,富林-KY,TWSE,58.7,0,234917,58.7,58.7
1342,八貫,TWSE,96.3,1.1,20980783,96.9,95.3
1402,遠東新,TWSE,28.5,0.2,318512002,28.5,28.2
1409,新纖,TWSE,15.45,0.1,99504280,15.7,15.25
1410,南染,TWSE,33.95,0,652484,34.3,33.9
1413,宏洲,TWSE,9.92,0.02,120911,9.92,9.81
1414,東和,TWSE,19.8,1.15,8816255,20,18.65
1416,廣豐,TWSE,11.9,0.05,1953995,11.9,11.75
1417,嘉裕,TWSE,8.88,0.02,432989,8.88,8.83
1418,東華,TWSE,20,0.05,164360,20.25,19.95
1419,新紡,TWSE,73.3,0.2,7679787,73.8,72.9
1423,利華,TWSE,38.1,-0.3,1369592,38.4,38
1432,大魯閣,TWSE,18.4,0.4,12525247,18.75,18.1
1434,福懋,TWSE,16.35,0.15,47068354,16.4,16.2
1435,中福,TWSE,21.8,-0.1,274773,22.45,21.8
1436,華友聯,TWSE,62.7,0.3,22232924,64.3,62.5
1437,勤益控,TWSE,32.85,0,1396400,33.05,32.75
1438,三地開發,TWSE,33.25,0.25,1576124,33.25,32.6
1439,雋揚,TWSE,30.5,0,1005859,30.55,30.2
1440,南紡,TWSE,13.6,0.2,23627636,13.6,13.4
1441,大東,TWSE,10.35,0.05,349956,10.65,10.3
1442,名軒,TWSE,30.2,0.1,20859965,30.4,29.65
1443,立益物流,TWSE,26.85,-0.35,455185,27.2,26.85
1444,力麗,TWSE,6.18,0.06,4553413,6.19,6.1
1445,大宇,TWSE,12.3,0,1747569,12.45,12.3
1446,宏和,TWSE,18.25,0.2,4295577,18.3,18.05
1447,力鵬,TWSE,5.28,0.04,3018040,5.3,5.24
1449,佳和,TWSE,12.25,-0.05,13658508,12.3,12.05
1451,年興,TWSE,17.7,0.15,3086517,17.75,17.5
1452,宏益,TWSE,11.85,0.1,1883580,11.9,11.6
1453,大將,TWSE,12.25,0.05,1106774,12.35,12.15
1454,台富,TWSE,12.85,-0.05,215493,13,12.85
1455,集盛,TWSE,7.91,0.13,2919174,7.92,7.74
1456,怡華,TWSE,13.4,0.15,720536,13.4,13.1
1457,宜進,TWSE,15.65,0.05,1002767,15.7,15.5
1459,聯發,TWSE,11.8,0.05,637849,11.85,11.75
1460,宏遠,TWSE,6.5,0.05,3120471,6.52,6.43
1463,強盛新,TWSE,17.65,0.2,377904,17.7,17.4
1464,得力,TWSE,11.8,0.25,11431688,12.1,11.45
1465,偉全,TWSE,12.5,0,1166692,12.6,12.45
1466,聚隆,TWSE,14.3,-0.1,1230860,14.55,14.2
1467,南緯,TWSE,7.99,-0.02,2144056,8.08,7.98
1468,昶和,TWSE,11.95,0,462957,11.95,11.75
1470,大統新創,TWSE,23,0,336762,23.1,22.4
1471,首利,TWSE,9.75,-0.12,3578021,9.89,9.72
1472,三洋實業,TWSE,89.1,-0.1,1576250,90,88.5
1473,台南,TWSE,24.3,0.35,3030540,24.3,23.8
1474,弘裕,TWSE,10.3,0.05,1099747,10.35,10.25
1475,業旺,TWSE,33.25,0.65,1111652,33.45,33.05
1476,儒鴻,TWSE,414.5,7.5,667808974,420,407.5
1477,聚陽,TWSE,338.5,11.5,1322408849,344,328
1503,士電,TWSE,197,-1,3702861763,206,193.5
1504,東元,TWSE,85.8,-4.7,6228320881,92,85.2
1506,正道,TWSE,11.75,0,822656,11.75,11.6
1512,瑞利,TWSE,7.25,-0.08,582634,7.32,7.24
1513,中興電,TWSE,151,-6,1773857612,156,150.5
1514,亞力,TWSE,104,-4.5,2311411794,112,104
1515,力山,TWSE,27.35,-0.3,7571812,27.65,27.2
1516,川飛,TWSE,22.2,0.2,781963,22.2,21.95
1517,利奇,TWSE,11.45,-0.15,2241368,11.6,11.35
1519,華城,TWSE,907,14,13871677184,944,894
1521,大億,TWSE,24.35,0.35,644891,24.4,23.8
1522,堤維西,TWSE,48.6,0.9,123251933,48.8,47.4
1524,耿鼎,TWSE,30.9,0.85,128216983,31.15,29.75
1525,江申,TWSE,62.8,-0.6,839433,63.7,62.8
1526,日馳,TWSE,17,0.1,3852479,17.5,16.95
1527,鑽全,TWSE,33.1,-0.4,12302413,33.8,33.1
1528,恩德,TWSE,25.8,1.55,322590391,26,23.35
1529,樂事綠能,TWSE,21.2,-0.6,30865891,21.65,20.95
1530,亞崴,TWSE,29,0.7,3372093,29.3,28.2
1531,高林股,TWSE,12.1,-0.05,451591,12.2,11.95
1532,勤美,TWSE,25.15,-0.4,27185193,25.7,25.05
1533,車王電,TWSE,32.25,0.2,3365030,32.3,31.8
1535,中宇,TWSE,53.7,0.1,1155304,54,53.6
1536,和大,TWSE,59.4,1.3,295863595,59.4,57.1
1537,廣隆,TWSE,124,0,5182416,124,123
1538,正峰,TWSE,26.45,0.05,351875,26.55,26.45
1539,巨庭,TWSE,17.85,0.3,3042444,17.85,17.45
1540,喬福,TWSE,26.2,0.8,98334625,26.4,24.65
1541,錩泰,TWSE,23.2,0.2,1161883,23.4,23.05
1558,伸興,TWSE,102,0.5,2249442,102.5,101.5
1560,中砂,TWSE,430,6.5,1277850785,430,414
1563,巧新,TWSE,48,0.8,25592825,48.35,46.95
1568,倉佑,TWSE,23.45,0.05,5174098,23.55,23.1
1582,信錦,TWSE,65.4,-0.2,36016432,66.1,64.6
1583,程泰,TWSE,46.55,0.45,2532863,47.1,46.1
1587,吉茂,TWSE,49.2,-0.9,48819224,50.9,49.2
1589,永冠-KY,TWSE,17.75,-0.25,101009691,18.4,17.15
1590,亞德客-KY,TWSE,1015,15,545562687,1020,991
1597,直得,TWSE,78.6,-0.1,44665888,79.1,77.1
1598,岱宇,TWSE,21.9,-0.55,5632600,22.15,21.8
1603,華電,TWSE,39.5,0.15,17641986,39.8,39.05
1604,聲寶,TWSE,24.1,0.25,6248117,24.1,23.9
1605,華新,TWSE,44.3,3.4,15591274625,44.8,40.5
1608,華榮,TWSE,39.1,0.3,413626229,39.35,38.55
1609,大亞,TWSE,40.1,0.05,181527619,40.2,39.55
1611,中電,TWSE,13.75,-0.25,16851260,14,13.6
1612,宏泰,TWSE,35.2,0.2,28740484,35.35,35
1614,三洋電,TWSE,34.05,0,897975,34.35,34.05
1615,大山,TWSE,48.95,-0.05,4114372,49.2,48.9
1616,億泰,TWSE,28.5,-0.1,17292450,28.6,28.15
1617,榮星,TWSE,16.15,1.45,38851336,16.15,14.6
1618,合機,TWSE,42.8,0.15,31029174,43,42.4
1626,艾美特-KY,TWSE,11.1,-0.05,823608,11.15,10.95
1702,南僑,TWSE,38.15,-0.1,13061765,38.35,38.1
1707,葡萄王,TWSE,123.5,0.5,11942301,124,122.5
1708,東鹼,TWSE,33.05,0.25,29224859,33.2,32.7
1709,和益,TWSE,17.15,0.1,8728692,17.2,16.9
1710,東聯,TWSE,13.05,0.15,41708360,13.2,12.75
1711,永光,TWSE,23.95,-0.35,1722866647,25.25,22.5
1712,興農,TWSE,45.9,0.65,30409379,45.9,45.1
1713,國化,TWSE,52.1,-0.6,148985742,53,52.1
1714,和桐,TWSE,9.18,0.05,51415264,9.24,9.08
1717,長興,TWSE,67.1,6.1,7203002060,67.1,59.2
1718,中纖,TWSE,7.32,0.12,60231987,7.38,7.17
1720,生達,TWSE,60.9,0.3,18327562,61.4,60.7
1721,三晃,TWSE,18.75,1.7,278462595,18.75,17.1
1722,台肥,TWSE,47.15,0.5,81361975,47.2,46.7
1723,中碳,TWSE,71.8,0.7,21133608,71.8,71.1
1725,元禎,TWSE,29.65,-0.8,14364291,30.8,29.2
1726,永記,TWSE,76.3,0.2,324763,76.3,76
1727,中華化,TWSE,47.45,-0.25,378560742,48.6,46.7
1730,花仙子,TWSE,52.8,0.3,1829594,52.8,52.5
1731,美吾華,TWSE,21.85,-0.05,1179028,21.95,21.85
1732,毛寶,TWSE,27.95,-0.1,2354571,28.25,27.85
1733,五鼎,TWSE,29.75,0.15,4119655,29.9,29.45
1734,杏輝,TWSE,30.85,0,7002113,31.15,30.75
1735,日勝化,TWSE,18.55,-0.2,12118335,19.15,18.15
1736,喬山,TWSE,156,1,66701779,156.5,153
1737,臺鹽,TWSE,31.75,0.1,3164323,31.75,31.6
1752,南光,TWSE,36.6,0,3813264,36.8,36.45
1760,寶齡富錦,TWSE,65.9,1.1,11780706,66,64.4
1762,中化生,TWSE,25,-0.1,1588460,25.3,24.9
1773,勝一,TWSE,157,-3,224347048,161,156
1776,展宇,TWSE,15.55,0.15,798613,15.7,15.25
1783,和康生,TWSE,46.45,0.7,7046562,46.45,45.3
1786,科妍,TWSE,79.8,0.3,15008119,80.4,78.9
1789,神隆,TWSE,25.55,1.3,85770806,25.55,24.55
1795,美時,TWSE,318.5,20,3288198922,322,301.5
1802,台玻,TWSE,38,3.45,8199016659,38,34.8
1805,寶徠,TWSE,12.35,0.1,2079274,12.45,11.95
1806,冠軍,TWSE,9.06,0.06,4327227,9.1,9.01
1808,潤隆,TWSE,33.55,-0.45,67322498,34.35,33.5
1809,中釉,TWSE,20.7,0.7,104310850,20.95,20.15
1810,和成,TWSE,19.9,0.5,96808679,20.15,19.25
1817,凱撒衛,TWSE,38.55,0,1190245,38.55,38.4
1903,士紙,TWSE,56.4,0.2,9733380,56.6,55.9
1904,正隆,TWSE,18.15,0,16204616,18.3,18.05
1905,華紙,TWSE,12.5,0.1,19515101,12.6,12.35
1906,寶隆,TWSE,12.05,0,490856,12.2,12
1907,永豐餘,TWSE,26.05,0,13247078,26.2,25.9
1909,榮成,TWSE,10.2,0.05,18698650,10.4,10.1
2002,中鋼,TWSE,19.45,0.05,1032653713,19.75,19.35
2006,東和鋼鐵,TWSE,70.8,-0.7,183650597,71.9,70.6
2007,燁興,TWSE,8.35,0.29,7666026,8.47,8.11
2008,高興昌,TWSE,29.1,0,536022,29.15,29.05
2009,第一銅,TWSE,50.2,-0.7,466025442,51.9,50
2010,春源,TWSE,21.55,0.2,40230942,21.55,21.35
2012,春雨,TWSE,17.5,0.45,1912314,17.5,17.1
2013,中鋼構,TWSE,42.75,0.2,17131159,42.95,42.5
2014,中鴻,TWSE,16.85,0.25,270974957,17.5,16.75
2015,豐興,TWSE,64.2,-1.4,47383121,64.9,63.5
2017,官田鋼,TWSE,9.1,0.07,14753021,9.33,9.07
2020,美亞,TWSE,24.2,0.1,11162270,24.4,24.05
2022,聚亨,TWSE,9.12,0.58,20802803,9.19,8.59
2023,燁輝,TWSE,15.05,0.1,29452290,15.3,15
2024,志聯,TWSE,16.2,0.55,537433,16.2,15.65
2025,千興,TWSE,13.35,1.2,16809870,13.35,12.45
2027,大成鋼,TWSE,37.05,0.4,753510700,37.4,36.7
2028,威致,TWSE,19.1,-0.8,22539774,20.9,19
2029,盛餘,TWSE,21.35,0.2,4720666,21.45,21.2
2030,彰源,TWSE,16.95,1,108920765,17.45,16.5
2031,新光鋼,TWSE,39.45,0.85,60331331,40.1,39.2
2032,新鋼,TWSE,17.2,0.9,98435083,17.9,16.9
2033,佳大,TWSE,16.5,0.5,10959714,16.95,16.15
2034,允強,TWSE,21.65,0.55,106302134,22.6,21.65
2038,海光,TWSE,15.7,0.2,46710872,16.15,15.5
2049,上銀,TWSE,213,0.5,642856766,213.5,207
2059,川湖,TWSE,3400,55,4461561310,3425,3200
2062,橋椿,TWSE,22.4,-0.25,36514882,23.4,22.15
2069,運錩,TWSE,19.55,0.2,16286991,19.8,19.3
2101,南港,TWSE,37.55,0.15,36597442,37.85,37.45
2102,泰豐,TWSE,20.25,0.2,10134877,20.3,19.9
2103,台橡,TWSE,15.45,0.15,26549380,15.5,15.15
2104,國際中橡,TWSE,11.85,0.25,51339173,12,11.45
2105,正新,TWSE,30.85,0.15,235611286,31.05,30.6
2106,建大,TWSE,19.65,0.15,11318177,19.65,19.45
2107,厚生,TWSE,25,0.2,7860752,25.05,24.75
2108,南帝,TWSE,24.4,-0.3,13352730,24.45,24.1
2109,華豐,TWSE,15.05,0.05,892343,15.1,15
2114,鑫永銓,TWSE,90,0.4,2154585,90,89.7
2115,六暉-KY,TWSE,24.4,0,1682439,24.4,24.3
2201,裕隆,TWSE,32.2,0.1,85471626,32.3,31.95
2204,中華,TWSE,58.1,0,70709112,58.3,57.5
2206,三陽工業,TWSE,60.2,0,36440843,60.4,59.8
2207,和泰車,TWSE,552,-5,180542816,557,548
2208,台船,TWSE,21.65,0.05,101664744,21.7,21.2
2211,長榮鋼,TWSE,103,2.5,166589251,103.5,101
2227,裕日車,TWSE,56,1,1964125,56.2,55
2228,劍麟,TWSE,106,-0.5,43977386,106.5,105
2231,為升,TWSE,97,-1,26581807,98.8,96.4
2233,宇隆,TWSE,242,3,835424820,255,237.5
2236,百達-KY,TWSE,114.5,3,28270820,114.5,110
2239,英利-KY,TWSE,30.65,-0.05,2769347,31.05,30.15
2241,艾姆勒,TWSE,36.3,0.45,13856978,36.5,35.4
2243,宏旭-KY,TWSE,11.3,0.05,1049254,11.35,11.2
2247,汎德永業,TWSE,286,4.5,123508862,291,283
2248,華勝-KY,TWSE,49.35,0.1,309050,49.4,48.75
2250,IKKA-KY,TWSE,75.1,-0.3,5764151,75.5,73.8
2254,巨鎧精密-創,TWSE,59.5,0,891100,59.5,59.3
2258,鴻華先進-創,TWSE,39.95,-0.2,19694888,40.25,39.85
2301,光寶科,TWSE,165,-2,1638172322,169,163.5
2302,麗正,TWSE,18.7,0,9761534,19,18.5
2303,聯電,TWSE,54.7,0.7,5382309008,55,53.7
2305,全友,TWSE,15.9,0.95,169353640,16,14.35
2308,台達電,TWSE,1045,-15,8929367860,1060,1025
2312,金寶,TWSE,33.3,3,12214658685,33.3,29.3
2313,華通,TWSE,141,8.5,17843007807,144.5,133
2314,台揚,TWSE,24,1.65,17011886,24.1,23
2316,楠梓電,TWSE,100.5,1,285765557,102,99.2
2317,鴻海,TWSE,233.5,-1,8134428925,234,231
2321,東訊,TWSE,17.45,0,287207,17.45,17.3
2323,中環,TWSE,11.05,-0.15,116605027,11.35,10.9
2324,仁寶,TWSE,31.05,-0.3,770374695,31.55,30.8
2327,國巨*,TWSE,273.5,-5,20896208084,285,272.5
2328,廣宇,TWSE,50.3,1.65,665504427,51,48.2
2329,華泰,TWSE,59.9,0.7,1049292145,60,58.1
2330,台積電,TWSE,1690,-20,70435079598,1700,1680
2331,精英,TWSE,28.95,0.15,1618296807,30.35,27.75
2332,友訊,TWSE,16.65,-0.4,325313744,17.5,16.2
2337,旺宏,TWSE,61.9,1.8,2133090661,62,59.8
2338,光罩,TWSE,38.7,-0.1,49001767,38.8,37.9
2340,台亞,TWSE,27.8,-0.55,82842775,28.45,27.4
2342,茂矽,TWSE,33.4,-0.8,84434589,33.8,33.05
2344,華邦電,TWSE,99.2,-0.6,2262451840,100,99.1
2345,智邦,TWSE,1240,25,9189020100,1285,1215
2347,聯強,TWSE,66,-0.1,451332009,66.2,65
2348,海悅,TWSE,81.1,-0.9,18446853,82.6,81.1
2349,錸德,TWSE,16,-0.3,615497774,17.1,15.75
2351,順德,TWSE,76,0.4,45022471,76.3,74.4
2352,佳世達,TWSE,25.4,0.15,147987088,25.55,25.1
2353,宏碁,TWSE,27.1,-0.45,794271145,27.5,26.9
2354,鴻準,TWSE,59.5,-0.5,304949349,60.9,59.2
2355,敬鵬,TWSE,35.8,1.45,300267113,35.9,34.05
2356,英業達,TWSE,44.15,0,453252567,44.2,43.5
2357,華碩,TWSE,521,-7,2457306671,528,517
2359,所羅門,TWSE,130.5,-1.5,115749852,132.5,129.5
2360,致茂,TWSE,966,-23,2046187521,990,955
2362,藍天,TWSE,39,-0.15,17180675,39.2,38.6
2363,矽統,TWSE,48.8,-0.65,141835653,49.5,48.6
2364,倫飛,TWSE,65.4,-0.6,10120457,65.9,65.2
2365,昆盈,TWSE,36,-0.3,71725203,36.65,35.35
2367,燿華,TWSE,37.1,2.4,8205855207,38.15,33.95
2368,金像電,TWSE,668,-10,6466308409,697,665
2369,菱生,TWSE,27.55,0.85,589062220,27.75,26.2
2371,大同,TWSE,37.9,0.35,4164680605,38.55,35.8
2373,震旦行,TWSE,55.8,0.1,3337583,56,55.5
2374,佳能,TWSE,79.3,-0.5,304446511,80.6,78.5
2375,凱美,TWSE,98.2,-1.8,1523354574,104.5,98
2376,技嘉,TWSE,245,-2,1438368539,250,244
2377,微星,TWSE,100,-2,1341500273,102.5,98.7
2379,瑞昱,TWSE,513,-19,3373917299,534,505
2380,虹光,TWSE,5.2,-0.03,985009,5.33,5.2
2382,廣達,TWSE,283,-3,4472162893,285.5,279.5
2383,台光電,TWSE,1570,-100,9205746010,1700,1560
2385,群光,TWSE,119,0,583628358,120.5,118.5
2387,精元,TWSE,39.7,0.3,14045015,39.75,39.05
2388,威盛,TWSE,52.1,-0.1,100420637,52.7,51.8
2390,云辰,TWSE,10.55,-0.4,19251578,10.95,10.5
2392,正崴,TWSE,39.05,-0.2,57703551,39.75,38.5
2393,億光,TWSE,56.1,0.1,107167500,56.5,55.6
2395,研華,TWSE,287.5,-5,642162973,296.5,286.5
2397,友通,TWSE,61.1,-0.3,8774016,61.6,60.5
2399,映泰,TWSE,26.7,0.5,124903801,26.85,25.8
2401,凌陽,TWSE,21.45,-0.4,78698175,21.8,21.1
2402,毅嘉,TWSE,55.5,-2,703677736,57.6,55.2
2404,漢唐,TWSE,1150,0,4863298860,1175,1140
2405,輔信,TWSE,17.25,-0.45,43612011,17.75,17.15
2406,國碩,TWSE,32.45,0.6,1300572303,32.95,30.55
2408,南亞科,TWSE,237.5,1,1808965459,242.5,235.5
2409,友達,TWSE,15.25,0.1,3677314472,15.55,15.05
2412,中華電,TWSE,133.5,0.5,1330819718,134,133
2413,環科,TWSE,48.25,0.3,114054761,48.95,47.45
2414,精技,TWSE,41.1,-0.1,1733969,41.3,40.9
2415,錩新,TWSE,27.1,0.1,2191142,27.15,26.75
2417,圓剛,TWSE,40,-0.3,19712866,40.4,39.5
2419,仲琦,TWSE,33.4,0.65,787820381,34,31.1
2420,新巨,TWSE,52.2,0.1,9267570,52.2,51.5
2421,建準,TWSE,153,-2.5,386218348,157.5,152
2423,固緯,TWSE,54.6,-0.1,5890186,55.1,54
2424,隴華,TWSE,38.45,3.15,9745215,38.8,36.9
2425,承啟,TWSE,31.5,0.15,9195258,31.75,31.25
2426,鼎元,TWSE,17.55,-0.4,11665420,17.95,17.4
2427,三商電,TWSE,26.7,-0.3,14803182,27,26.6
2428,興勤,TWSE,177.5,-1,147085484,181.5,177.5
2429,銘旺科,TWSE,77.1,0.6,28221431,78.6,75.7
2430,燦坤,TWSE,22.95,0.05,1148028,23,22.8
2431,聯昌,TWSE,12.6,0.15,7960515,12.65,12.35
2432,倚天酷碁-創,TWSE,25,0.05,550350,25.05,24.95
2433,互盛電,TWSE,46.7,0,2090804,46.9,46.5
2434,統懋,TWSE,30.25,0.25,1486451,30.35,30
2436,偉詮電,TWSE,48.8,0.2,43982992,48.8,48
2438,翔耀,TWSE,21.95,0.25,1406618,22,21.3
2439,美律,TWSE,109,-0.5,248281265,109,106
2440,太空梭,TWSE,15.35,0.15,5269523,15.5,15.1
2441,超豐,TWSE,96.2,0.4,897916938,96.9,93.6
2442,新美齊,TWSE,24.7,0,46928398,25.6,24.5
2444,兆勁,TWSE,12.2,-0.1,7897777,12.6,12.05
2449,京元電子,TWSE,267.5,-3,5311859738,271.5,263
2450,神腦,TWSE,28.85,0.15,4837238,28.95,28.7
2451,創見,TWSE,238,-2.5,1087366336,243,237
2453,凌群,TWSE,56.4,-0.6,50972535,56.8,55.4
2454,聯發科,TWSE,1490,-10,12144079145,1500,1465
2455,全新,TWSE,168.5,8.5,3077336162,170,159.5
2457,飛宏,TWSE,29.35,0.3,241671545,30,28.65
2458,義隆,TWSE,117,0,250881043,118.5,115.5
2459,敦吉,TWSE,67.9,0.2,4874912,67.9,67.4
2460,建通,TWSE,22.8,0.05,6658413,23.15,22.4
2461,光群雷,TWSE,17.2,-0.2,8584232,17.35,17
2462,良得電,TWSE,26,0.55,103869620,26.35,24.9
2464,盟立,TWSE,66.8,-1.1,146194813,68.3,66.7
2465,麗臺,TWSE,58.5,0.5,15462443,58.8,57.8
2466,冠西電,TWSE,65,0,44344813,65.8,64.4
2467,志聖,TWSE,256,2,273919943,260,252
2468,華經,TWSE,40.9,-0.6,13799387,41.9,40.55
2471,資通,TWSE,52,0,11823556,52.3,51.8
2472,立隆電,TWSE,121,1,1111823735,122.5,118
2474,可成,TWSE,211,-1,960497124,214.5,210.5
2476,鉅祥,TWSE,92.8,-0.4,94440229,93.2,91.7
2477,美隆電,TWSE,25.8,1,25725646,26.1,24.85
2478,大毅,TWSE,70.6,0.4,809419197,74.5,70.1
2480,敦陽科,TWSE,143.5,-1.5,44321450,145.5,143
2481,強茂,TWSE,87.4,4.6,2961738034,87.7,82.1
2482,連宇,TWSE,18.45,-0.05,2912465,18.7,18.25
2483,百容,TWSE,19.85,-0.1,5638403,20.3,19.8
2484,希華,TWSE,27,1.7,471198366,27.8,26
2485,兆赫,TWSE,36.55,3.3,4764648253,36.55,34.25
2486,一詮,TWSE,89.6,-2.2,481291368,92.8,89.3
2488,漢平,TWSE,45.1,0,3397192,45.2,45
2489,瑞軒,TWSE,16.3,-0.15,57764326,16.45,16.1
2491,吉祥全,TWSE,21.55,0.75,76049175,22.85,21
2492,華新科,TWSE,134,-0.5,2377304304,138,133
2493,揚博,TWSE,127,1.5,142356474,127.5,123
2495,普安,TWSE,31.55,-0.05,169153745,31.8,31
2496,卓越,TWSE,69.4,0.6,1547311,69.4,68.8
2497,怡利電,TWSE,51.7,-0.8,18640033,52,51.1
2498,宏達電,TWSE,46.3,-0.65,406127443,47.15,46
2501,國建,TWSE,23.2,-0.25,40178425,23.6,23.15
2504,國產,TWSE,38.3,0.1,100746758,38.4,37.9
2505,國揚,TWSE,19.95,0,5204597,20,19.8
2506,太設,TWSE,9.09,0,1225655,9.09,9.03
2509,全坤建,TWSE,15.25,-0.2,5635738,15.55,15.1
2511,太子,TWSE,8.52,-0.04,13055330,8.61,8.49
2514,龍邦,TWSE,15.25,0.2,1698825,15.25,15.15
2515,中工,TWSE,13.4,-0.35,124423732,13.95,13.3
2516,新建,TWSE,14.95,0.4,2923947,14.95,14.55
2520,冠德,TWSE,33,-0.2,47868562,33.55,32.7
2524,京城,TWSE,43,-0.15,6143798,43.55,42.7
2527,宏璟,TWSE,30.2,-0.5,17974826,30.8,29.95
2528,皇普,TWSE,29.75,-0.25,9457504,30,29.7
2530,華建,TWSE,28.55,0.05,23243977,28.75,28.15
2534,宏盛,TWSE,20.4,0.05,12775759,20.45,20.2
2535,達欣工,TWSE,67.4,0.6,26277959,67.4,66
2536,宏普,TWSE,24.25,-0.25,9777187,24.7,24.15
2537,聯上發,TWSE,11.6,-0.3,20402593,12.1,11.55
2538,基泰,TWSE,11.05,-0.05,1594361,11.05,10.9
2539,櫻花建,TWSE,48.6,-0.7,25300412,49.6,48.6
2540,愛山林,TWSE,49,1.5,49131996,49.1,46.95
2542,興富發,TWSE,39.45,-0.2,137155414,40,39.45
2543,皇昌,TWSE,62.4,-0.6,54332771,63.2,62
2545,皇翔,TWSE,38.7,-0.3,18637704,39.2,38.2
2546,根基,TWSE,89,0.2,15046602,89.8,88.7
2547,日勝生,TWSE,11.05,0.05,12093729,11.1,11
2548,華固,TWSE,112.5,-0.5,77213735,113.5,112
2597,潤弘,TWSE,182,0,54092388,185,181
2601,益航,TWSE,5.65,0,6405363,5.73,5.54
2603,長榮,TWSE,195,1,1040832274,196,194
2605,新興,TWSE,28.5,0.6,344017426,28.75,28
2606,裕民,TWSE,61.3,0.7,189314639,61.6,60.8
2607,榮運,TWSE,58.5,0.2,18117391,58.5,58
2608,嘉里大榮,TWSE,33.15,-0.15,3839770,33.4,33.1
2609,陽明,TWSE,55.5,0.1,511922377,56,55
2610,華航,TWSE,21.35,0.15,1129801125,21.8,21.05
2611,志信,TWSE,15,-0.1,5950232,15.15,15
2612,中航,TWSE,60.9,-0.3,32163435,61.7,60.6
2613,中櫃,TWSE,24.85,0.15,11184075,25,24.65
2614,東森,TWSE,22.45,-0.55,29906945,23.2,22.4
2615,萬海,TWSE,78.7,-0.1,350004964,79.6,78.5
2616,山隆,TWSE,13.75,0.25,2378347,13.85,13.5
2617,台航,TWSE,31.55,0.55,51744354,31.7,31.2
2618,長榮航,TWSE,37.5,0.25,1297299744,37.7,36.95
2630,亞航,TWSE,55,0.1,129332229,55.2,54.3
2633,台灣高鐵,TWSE,27.35,-0.05,103325505,27.5,27.35
2634,漢翔,TWSE,56,0.6,684550964,56.2,54.7
2636,台驊控股,TWSE,67.1,0.2,10004318,67.3,66.6
2637,慧洋-KY,TWSE,71.7,0.1,139559945,72,71
2642,宅配通,TWSE,26,0,2725570,26.4,25.8
2645,長榮航太,TWSE,155,4.5,507256749,155,149
2646,星宇航空,TWSE,23.6,0.15,86404126,23.65,23.45
2701,萬企,TWSE,11.05,0.05,1385371,11.1,11
2702,華園,TWSE,11.85,0.05,918250,11.9,11.75
2704,國賓,TWSE,43.3,-0.45,3525275,43.75,43.1
2705,六福,TWSE,16.6,0,2223739,16.7,16.6
2706,第一店,TWSE,12.95,0.05,2162566,12.95,12.85
2707,晶華,TWSE,190,1,16969940,190,188.5
2712,遠雄來,TWSE,18.05,0.05,550866,18.05,17.85
2722,夏都,TWSE,26.1,0.55,1114347,26.4,25.85
2723,美食-KY,TWSE,74,0.7,24962927,74.6,73.6
2727,王品,TWSE,220,0.5,99651127,221,219.5
2731,雄獅,TWSE,173,1,127419180,175,171
2739,寒舍,TWSE,34.85,-0.1,2436057,35.1,34.85
2748,雲品,TWSE,42.15,0,2761705,42.45,42.1
2753,八方雲集,TWSE,187,1,42155041,187.5,186.5
2762,世界健身-KY,TWSE,77.2,0.3,2010588,77.5,76.8
2801,彰銀,TWSE,20.4,0.05,222900715,20.45,20.3
2812,台中銀,TWSE,20.8,0,118096839,20.9,20.75
2816,旺旺保,TWSE,29.95,0.15,2664803,29.95,29.65
2820,華票,TWSE,16.45,0,9160828,16.5,16.4
2832,台產,TWSE,50.1,0.3,3224599,50.1,49.85
2834,臺企銀,TWSE,15.9,0,157730368,16,15.85
2836,高雄銀,TWSE,12.15,0,18539826,12.25,12.1
2838,聯邦銀,TWSE,18.85,0,25373461,18.9,18.8
2845,遠東銀,TWSE,12.75,0,43393105,12.85,12.75
2849,安泰銀,TWSE,13.45,0.05,641122,13.6,13.4
2850,新產,TWSE,116.5,-0.5,23536801,118,116
2851,中再保,TWSE,27.25,0.05,29072569,27.45,27.05
2852,第一保,TWSE,28.25,0.4,17169145,28.25,27.95
2855,統一證,TWSE,27.25,-0.25,85754059,27.6,27.25
2867,三商壽,TWSE,7.76,0.05,59350746,7.78,7.69
2880,華南金,TWSE,32.9,0.5,389496928,33,32.35
2881,富邦金,TWSE,94.1,0.3,1665700915,95.5,94.1
2882,國泰金,TWSE,75.2,0.5,1467069990,75.9,74.8
2883,凱基金,TWSE,17.55,0.05,645953469,17.75,17.55
2884,玉山金,TWSE,32.45,0.15,1013839626,32.7,32.45
2885,元大金,TWSE,41.85,0.7,996356484,42.2,41.1
2886,兆豐金,TWSE,40.65,0.15,573599288,40.75,40.45
2887,台新新光金,TWSE,21.6,0.35,2127063877,21.65,21.25
2889,國票金,TWSE,16.95,0,87112081,17.05,16.65
2890,永豐金,TWSE,29,0.35,813236655,29,28.65
2891,中信金,TWSE,50.4,1.1,1785288471,50.4,49.55
2892,第一金,TWSE,29.8,0.4,697194296,29.85,29.4
2897,王道銀行,TWSE,9.13,0,22965838,9.14,9.11
2901,欣欣,TWSE,24.75,0.05,142999,24.75,24.65
2903,遠百,TWSE,22.1,0.1,30680285,22.1,21.95
2904,匯僑,TWSE,17.1,0,159749,17.15,17.1
2905,三商,TWSE,15.85,0.1,9974855,16,15.75
2906,高林,TWSE,12.65,0.05,2379391,12.7,12.6
2908,特力,TWSE,20.25,0.1,1779116,20.25,20.05
2910,統領,TWSE,20.95,0.1,96576,20.95,20.85
2911,麗嬰房,TWSE,5.11,0.01,112654,5.25,5.06
2912,統一超,TWSE,224.5,1.5,604285392,226,223
2913,農林,TWSE,13.55,0.1,12787842,13.55,13.4
2915,潤泰全,TWSE,53.1,0,131785266,53.5,52.9
2923,鼎固-KY,TWSE,21,0.4,1413352,21.05,20.35
2929,淘帝-KY,TWSE,7.89,0.15,2047135,7.9,7.73
2939,永邑-KY,TWSE,22.9,0.1,501152,22.9,22.55
2945,三商家購,TWSE,37.85,0.45,872289,37.85,37.5
3002,歐格,TWSE,23.6,-0.25,13220058,23.85,23.4
3003,健和興,TWSE,48,-0.25,11109688,48.05,47.4
3004,豐達科,TWSE,116.5,0.5,59414092,116.5,114
3005,神基,TWSE,117.5,0.5,364818690,119,117
3006,晶豪科,TWSE,151.5,3,442875857,152,148
3008,大立光,TWSE,2405,-20,1565525740,2455,2400
3010,華立,TWSE,118,0.5,236112299,119,115
3011,今皓,TWSE,14.45,-0.25,15903634,14.75,14.05
3013,晟銘電,TWSE,123,-3,424795379,127.5,122.5
3014,聯陽,TWSE,115.5,-0.5,100210349,116,114.5
3015,全漢,TWSE,53.6,0.1,23090028,54.3,53.2
3016,嘉晶,TWSE,59,-0.8,177275144,59.7,57.3
3017,奇鋐,TWSE,1380,-40,7300102445,1425,1360
3018,隆銘綠能,TWSE,11.9,0.1,179186,11.9,11.8
3019,亞光,TWSE,137,-2.5,342682481,140,136.5
3021,鴻名,TWSE,18.7,-0.1,5614766,19.15,18.4
3022,威強電,TWSE,67.8,-0.1,22847070,68.1,67.4
3023,信邦,TWSE,198,2,516374418,201,195.5
3024,憶聲,TWSE,11.35,0,4788035,11.4,11.15
3025,星通,TWSE,73.7,1.3,138220369,74.6,71.5
3026,禾伸堂,TWSE,105.5,-1.5,240690118,109,105
3027,盛達,TWSE,24.95,-0.1,8515092,25,24.6
3028,增你強,TWSE,40.35,-0.45,95772721,40.8,39.95
3029,零壹,TWSE,112,-1,81478811,113.5,111.5
3030,德律,TWSE,172.5,-2,191881238,175.5,172
3031,佰鴻,TWSE,20.05,-0.2,6985907,20.4,19.8
3032,偉訓,TWSE,72.9,-0.6,26916072,73.5,72.1
3033,威健,TWSE,30.7,-0.2,42496301,31.1,30.7
3034,聯詠,TWSE,379.5,-3.5,729553894,384,379
3035,智原,TWSE,168,-2,328379996,170.5,167
3036,文曄,TWSE,152,-2.5,553137336,154,151
3037,欣興,TWSE,249.5,-0.5,7611576766,257.5,245.5
3038,全台,TWSE,24.05,0.1,5208319,24.1,23.8
3040,遠見,TWSE,50.4,-2.1,22511258,52.8,50.4
3041,揚智,TWSE,26.7,0.1,22062297,26.85,26.3
3042,晶技,TWSE,84.3,1.1,223534273,85,83.1
3043,科風,TWSE,22.05,0.55,2147805,22.15,21.55
3044,健鼎,TWSE,319.5,0.5,997282866,322,317.5
3045,台灣大,TWSE,108,0.5,630395563,108.5,107.5
3046,建碁,TWSE,53.8,-0.9,14764632,54.8,53.5
3047,訊舟,TWSE,19.4,-0.15,63960071,19.7,19.1
3048,益登,TWSE,41.1,-0.2,120967412,41.65,40.6
3049,精金,TWSE,7.91,0.39,87495960,7.98,7.41
3050,鈺德,TWSE,14.7,-0.6,69049120,15.3,14.6
3051,力特,TWSE,21.85,1.15,110351952,22.2,20.4
3052,夆典,TWSE,11.9,-0.15,12819525,12.15,11.9
3054,立萬利,TWSE,30.1,0.15,1707660,31.8,29.95
3055,蔚華科,TWSE,74,0.6,18822664,74.5,73.2
3056,富華新,TWSE,17.95,0.2,21463247,17.95,17.75
3057,喬鼎,TWSE,19.5,0.15,14478401,19.6,18.8
3058,立德,TWSE,10.45,0.25,38277098,11.2,10.4
3059,華晶科,TWSE,40.2,-0.3,70788970,40.75,39.85
3060,銘異,TWSE,35,0,279442649,35.75,34.05
3062,建漢,TWSE,25.7,-0.1,118981171,25.95,25.25
3090,日電貿,TWSE,102,-1,664506666,105.5,101
3092,鴻碩,TWSE,27.65,-1.7,52615120,29,26.9
3094,聯傑,TWSE,24.7,-0.4,4731530,25,24.45
3130,一零四,TWSE,223.5,-0.5,5251511,224.5,223.5
3135,凌航,TWSE,111,-2,350635937,113.5,109.5
3138,耀登,TWSE,156.5,8.5,1699427585,159.5,146.5
3149,正達,TWSE,45.1,1.3,683482162,46.15,44
3150,鈺寶-創,TWSE,19.9,-0.15,753794,20.15,19.85
3164,景岳,TWSE,18.25,0.05,845586,18.25,18.1
3167,大量,TWSE,227,-3.5,1960251012,237,224
3168,眾福科,TWSE,41,0.05,1278425,41.75,40.9
3189,景碩,TWSE,175,3,4422241908,179,170
3209,全科,TWSE,33.6,0.1,17645139,33.7,33.3
3229,晟鈦,TWSE,25.4,-0.65,9693661,26.35,25.2
3231,緯創,TWSE,143.5,-2.5,4225074402,146,143
3257,虹冠電,TWSE,65.8,0.1,16612466,66,64.8
3266,昇陽,TWSE,14,-0.1,761927,14.3,14
3296,勝德,TWSE,24.25,-0.15,1667311,24.5,24.25
3305,昇貿,TWSE,125.5,4.5,3304134254,127.5,120
3308,聯德,TWSE,22.65,0,2151742,22.65,22
3311,閎暉,TWSE,33.5,1.15,16641999,33.5,32.1
3312,弘憶股,TWSE,41.5,-0.95,69610366,42.5,41.5
3321,同泰,TWSE,21.15,1.4,50872043,21.7,19.75
3338,泰碩,TWSE,50,-0.7,23997044,51,49.5
3346,麗清,TWSE,21.05,1.9,33234026,21.05,19.15
3356,奇偶,TWSE,48.65,0.3,13119459,48.7,48
3376,新日興,TWSE,215,-3,638252287,221.5,215
3380,明泰,TWSE,34.2,-0.6,172734295,35.3,33.6
3406,玉晶光,TWSE,450,-9,265678739,460,449
3413,京鼎,TWSE,284,-7,514148958,290.5,282.5
3416,融程電,TWSE,149.5,1,19074101,149.5,147.5
3419,譁裕,TWSE,14.6,0,3283058,14.65,14.4
3432,台端,TWSE,15.95,1.45,2578044,15.95,14.2
3437,榮創,TWSE,15.25,-0.05,4897280,15.35,15
3443,創意,TWSE,2505,85,8070654010,2525,2435
3447,展達,TWSE,46.6,-0.45,14138284,46.95,46.1
3450,聯鈞,TWSE,254,-2,733928941,256.5,251
3454,晶睿,TWSE,99.1,0.1,7660568,99.2,98.9
3481,群創,TWSE,24.95,0.55,4341170146,25.5,23.8
3494,誠研,TWSE,8.92,0.34,2697234,9.26,8.65
3501,維熹,TWSE,57.6,5.2,292987083,57.6,55
3504,揚明光,TWSE,57.5,5.2,110338451,57.5,55
3515,華擎,TWSE,235,-4,92930546,241.5,235
3518,柏騰,TWSE,21.5,0,3937116,21.55,21.25
3528,安馳,TWSE,70.2,-0.8,14645943,71.2,70
3530,晶相光,TWSE,75.9,-0.4,17591767,76.9,75
3532,台勝科,TWSE,132.5,-3.5,1647083313,141,130
3533,嘉澤,TWSE,1375,-15,903292040,1390,1360
3535,晶彩科,TWSE,97.7,8.8,1739532112,97.7,90.8
3543,州巧,TWSE,43.7,-0.95,75783316,44.65,43.35
3545,敦泰,TWSE,53,-0.3,68190727,54.3,52.9
3550,聯穎,TWSE,15.7,0.25,11686489,15.7,15.25
3557,嘉威,TWSE,37.75,0.25,4496980,38.15,37.3
3563,牧德,TWSE,493.5,-1.5,347779556,494.5,485
3576,聯合再生,TWSE,11.1,0.35,685783036,11.7,10.75
3583,辛耘,TWSE,340,-4,195679503,344.5,337
3588,通嘉,TWSE,52.3,-1,19587491,53.6,52.1
3591,艾笛森,TWSE,20.4,1.85,25385980,20.4,18.5
3592,瑞鼎,TWSE,222.5,-3,144408762,228.5,220.5
3593,力銘,TWSE,12.35,-0.25,514094,12.6,12.35
3596,智易,TWSE,174,-0.5,81911371,176,173.5
3605,宏致,TWSE,61.8,-1,78743085,63.3,61.8
3607,谷崧,TWSE,14.65,-0.45,8584660,15.1,14.5
3617,碩天,TWSE,190,-5,52397004,195,190
3622,洋華,TWSE,67.4,0.9,59539231,68.4,66.9
3645,達邁,TWSE,60,5.4,553015833,60,55.3
3652,精聯,TWSE,28.85,-0.05,667788,28.85,28.5
3653,健策,TWSE,2380,-70,5290464948,2430,2315
3661,世芯-KY,TWSE,3320,-140,8113995765,3480,3310
3665,貿聯-KY,TWSE,1470,-25,2763378440,1525,1450
3669,圓展,TWSE,40.8,0.25,7382689,41.7,40.6
3673,TPK-KY,TWSE,43.2,-0.5,84949569,43.75,42.8
3679,新至陞,TWSE,114.5,0.5,1366089,115,114
3686,達能,TWSE,18.65,-0.45,7027016,19,18.25
3694,海華,TWSE,61.4,-0.8,60171521,63.1,61.1
3701,大眾控,TWSE,58,0.6,210794877,59.8,55.6
3702,大聯大,TWSE,65.2,-0.4,422645312,65.4,64.2
3703,欣陸,TWSE,23.75,-0.35,23209253,24.2,23.7
3704,合勤控,TWSE,32.75,-0.25,54277642,33.2,32.45
3705,永信,TWSE,57.5,0.4,12027020,57.6,56.9
3706,神達,TWSE,84.3,-1.5,1295574816,85.8,84.2
3708,上緯投控,TWSE,116.5,2.5,199921697,117.5,114
3711,日月光投控,TWSE,298.5,4,4669771907,298.5,288.5
3712,永崴投控,TWSE,25.85,0.05,19702545,25.85,25.25
3714,富采,TWSE,35,-0.35,88706957,35.45,34.65
3715,定穎投控,TWSE,131.5,-1.5,3034735015,134,129.5
3716,中化控股,TWSE,33.9,0.15,1562696,33.9,33.6
3717,聯嘉投控,TWSE,17.8,-0.25,17595182,18.2,17.55
4104,佳醫,TWSE,79.7,-0.2,9573194,79.8,79.1
4106,雃博,TWSE,22.75,0,3284942,22.85,22.5
4108,懷特,TWSE,13.8,-0.1,1676860,14,13.8
4119,旭富,TWSE,52.7,0.4,9972757,52.7,51.8
4133,亞諾法,TWSE,23.65,0.35,2313624,23.9,23.45
4137,麗豐-KY,TWSE,107,1.5,15455551,107,105
4142,國光生,TWSE,20.95,0.55,57601109,20.95,20.55
4148,全宇生技-KY,TWSE,39.25,-0.05,629973,39.3,38.85
4155,訊映,TWSE,14.85,0.1,2187074,15.15,14.8
4164,承業醫,TWSE,36.35,-0.25,30284569,36.8,36.05
4190,佐登-KY,TWSE,29.75,0,763180,29.75,29.5
4306,炎洲,TWSE,14.1,0,14255631,14.2,14
4414,如興,TWSE,11.1,0,2957956,11.3,11.1
4426,利勤,TWSE,9.19,0.03,784552,9.2,9.14
4438,廣越,TWSE,73.9,-0.5,6183440,75,73.3
4439,冠星-KY,TWSE,104.5,-0.5,752900,105,104
4440,宜新實業,TWSE,17.5,0.1,2287350,18,17.25
4441,振大環球,TWSE,269.5,9.5,58357157,272.5,260
4526,東台,TWSE,34.3,-0.15,136162343,34.6,33.8
4532,瑞智,TWSE,24.75,0.25,25101495,24.8,24.5
4536,拓凱,TWSE,167.5,0.5,32238386,168,166
4540,全球傳動,TWSE,38.95,1.45,132247624,39.45,37.55
4545,銘鈺,TWSE,38.35,0.25,8179536,38.35,37.7
4551,智伸科,TWSE,125.5,4.5,251609276,129,116
4552,力達-KY,TWSE,23.7,0,1426763,23.8,23.55
4555,氣立,TWSE,39.3,-0.2,5829930,39.6,38.7
4557,永新-KY,TWSE,78,0.6,16157370,78.6,77.5
4560,強信-KY,TWSE,33,0.45,10010236,33,32.3
4562,穎漢,TWSE,39.75,0.05,145795915,40.8,39.45
4564,元翎,TWSE,17.75,0.3,25087896,18.2,17.4
4566,時碩工業,TWSE,59.6,-0.6,32420866,60.5,59
4569,六方科-KY,TWSE,154,2,9355412,159,152
4571,鈞興-KY,TWSE,170,-1.5,50997361,171.5,167.5
4572,駐龍,TWSE,150,0,5558340,150,149
4576,大銀微系統,TWSE,121.5,5,264656392,122,113
4581,光隆精密-KY,TWSE,51.1,-1,5227632,52.1,51.1
4583,台灣精銳,TWSE,720,-5,151850065,729,712
4585,達明,TWSE,348,-6,117208201,356,348
4588,玖鼎電力,TWSE,64.6,-2.2,40798277,70,64.6
4720,德淵,TWSE,17.7,-0.15,21350515,17.8,17.3
4722,國精化,TWSE,167,2,202459124,167.5,163
4736,泰博,TWSE,127,1,26292327,127.5,126
4737,華廣,TWSE,54.9,0.1,7716990,54.9,53.3
4739,康普,TWSE,72.7,0.4,56080223,73.1,71.8
4746,台耀,TWSE,60.1,0.4,26067237,60.4,59.4
4755,三福化,TWSE,123.5,-4,103088047,128,122.5
4763,材料*-KY,TWSE,51.6,-0.6,235124822,52.7,51.4
4764,雙鍵,TWSE,133,12,540864427,133,117
4766,南寶,TWSE,325,0.5,95810444,328,322.5
4770,上品,TWSE,222.5,-12,308547640,233.5,221
4771,望隼,TWSE,179,0,20518224,181,178.5
4807,日成-KY,TWSE,18.1,-0.1,106742,18.2,18.05
4904,遠傳,TWSE,91,1.7,415041944,91,89.2
4906,正文,TWSE,27.9,-0.5,93324056,28.25,27.55
4912,聯德控股-KY,TWSE,90.5,-0.8,23256305,91.4,89.4
4915,致伸,TWSE,79.3,-0.6,160607991,80.2,79.3
4916,事欣科,TWSE,62.5,-0.9,940903146,65.1,62.4
4919,新唐,TWSE,55.2,-2.3,266083093,57,54.4
4927,泰鼎-KY,TWSE,37.8,0.55,567669635,38.8,36.95
4930,燦星網,TWSE,22.6,0.05,2233891,23,22.55
4934,太極,TWSE,14.85,-0.3,21825926,15.15,14.5
4935,茂林-KY,TWSE,40.6,-0.05,3236567,40.95,40.6
4938,和碩,TWSE,71.3,-0.1,429800037,71.5,70.5
4942,嘉彰,TWSE,38.9,0.1,3794993,38.95,38.7
4943,康控-KY,TWSE,12.35,0.15,297490,12.7,12
4949,有成精密,TWSE,40,-0.4,17760373,40.45,39.35
4952,凌通,TWSE,36.55,-0.55,3785221,37.1,36.4
4956,光鋐,TWSE,20.75,-0.3,12787478,21,20.45
4958,臻鼎-KY,TWSE,167.5,-1,4531901681,174,163
4960,誠美材,TWSE,14.15,0.15,23198227,14.45,14.05
4961,天鈺,TWSE,149,-1.5,185508718,152.5,148
4967,十銓,TWSE,196.5,2,305661280,197,193
4968,立積,TWSE,124.5,-1,85447310,127,124
4976,佳凌,TWSE,31.45,0.7,26299606,31.7,30.4
4977,眾達-KY,TWSE,120,-2,193159485,122,119.5
4989,榮科,TWSE,66.5,6,3025540108,66.5,61.5
4994,傳奇,TWSE,104.5,0,3044202,105,103
4999,鑫禾,TWSE,23.95,-0.1,1311618,24.1,23.7
5007,三星,TWSE,55.7,0.1,1006100,55.8,55.2
5203,訊連,TWSE,88.5,-1.1,7369591,89.6,88.4
5215,科嘉-KY,TWSE,36.75,-0.25,1915054,37,36.25
5222,全訊,TWSE,137,1.5,70724386,138,134.5
5225,東科-KY,TWSE,107.5,0,33729104,108,106.5
5234,達興材料,TWSE,365,0,202585766,366,359
5243,乙盛-KY,TWSE,82.7,-1.7,113210719,84.9,82.3
5244,弘凱,TWSE,39.15,0.3,7941430,39.4,38.6
5258,虹堡,TWSE,63,-1.4,26675527,64.7,62.9
5269,祥碩,TWSE,1335,-10,3512596070,1400,1320
5283,禾聯碩,TWSE,60.7,0.3,4572673,60.7,60.1
5284,jpp-KY,TWSE,270,-4.5,145410803,273,269
5285,界霖,TWSE,50.8,-0.2,10043620,51.2,50.3
5288,豐祥-KY,TWSE,160,8,101923499,161,153
5292,華懋,TWSE,189,-1.5,155859222,193,183.5
5306,桂盟,TWSE,91.7,-0.8,8458687,92.6,91.2
5388,中磊,TWSE,78.5,-0.4,205702692,78.9,77.7
5434,崇越,TWSE,330,6,485329529,332,319
5469,瀚宇博,TWSE,97.7,1.1,456925265,98,95.9
5471,松翰,TWSE,33.35,-0.15,6179796,33.45,32.9
5484,慧友,TWSE,40.45,0.3,12956272,40.5,39.2
5515,建國,TWSE,33.8,-1,55397101,35,33.5
5519,隆大,TWSE,32.4,-0.05,9531364,32.8,32.3
5521,工信,TWSE,26.2,-1.15,535809845,27.3,25.85
5522,遠雄,TWSE,70.4,-0.8,66846921,72.3,70.4
5525,順天,TWSE,27.5,0.05,1489183,27.5,27.2
5531,鄉林,TWSE,9.01,-0.01,5002548,9.02,8.97
5533,皇鼎,TWSE,14.3,0.05,2040768,14.3,14.2
5534,長虹,TWSE,83.2,0.3,22224040,83.7,82.9
5538,東明-KY,TWSE,33.3,0.1,753923,33.4,33.2
5546,永固-KY,TWSE,23.2,-0.05,430911,23.8,22.7
5607,遠雄港,TWSE,49.45,-0.75,20271995,50.2,49.35
5608,四維航,TWSE,17.95,0.1,30461180,18.15,17.85
5706,鳳凰,TWSE,50.5,0.2,7945600,50.6,50.1
5871,中租-KY,TWSE,104.5,-0.5,649560732,106.5,104
5876,上海商銀,TWSE,39.85,0.25,221791053,39.85,39.55
5880,合庫金,TWSE,24.05,0.1,268066182,24.05,23.95
5906,台南-KY,TWSE,51.4,0,309400,51.8,51.4
5907,大洋-KY,TWSE,5.6,0.03,1905646,5.79,5.57
6005,群益證,TWSE,27.35,0,331435979,27.6,27.1
6024,群益期,TWSE,51.7,-0.1,7257910,52,51.5
6108,競國,TWSE,15.05,0.15,2905274,15.05,14.8
6112,邁達特,TWSE,47.9,0,14710061,48.2,47.3
6115,鎰勝,TWSE,47.65,0.3,2392562,47.9,47.5
6116,彩晶,TWSE,9.89,0.16,163459968,9.95,9.73
6117,迎廣,TWSE,80.6,-1,20826829,82.2,80.4
6120,達運,TWSE,13.25,-0.15,32217355,13.5,13.15
6128,上福,TWSE,22.55,0.25,832424,22.55,22.4
6133,金橋,TWSE,22.8,0.75,91061203,23,21.95
6136,富爾特,TWSE,24.5,0.2,3495414,24.5,24.3
6139,亞翔,TWSE,606,-4,3867476436,632,605
6141,柏承,TWSE,11.7,0.15,2711093,11.9,11.5
6142,友勁,TWSE,9.85,-0.25,15160679,10.2,9.75
6152,百一,TWSE,12.85,1.15,51385636,12.85,12.85
6153,嘉聯益,TWSE,15.95,0.25,47244229,16,15.65
6155,鈞寶,TWSE,60.7,5.5,875240823,60.7,58.1
6164,華興,TWSE,12.4,0.05,7134992,12.5,12.2
6165,浪凡,TWSE,46.05,0.2,32896992,46.3,45.65
6166,凌華,TWSE,63,-0.3,21583441,64.1,62.2
6168,宏齊,TWSE,20.6,0,7469062,20.6,20.25
6176,瑞儀,TWSE,123,1,159603154,123,121.5
6177,達麗,TWSE,52.6,0.2,41111883,53.1,52.3
6183,關貿,TWSE,96.2,-2.1,1539843,98,96.2
6184,大豐電,TWSE,48,0.2,6361952,48.4,47.85
6189,豐藝,TWSE,45.25,0.05,16873550,45.25,44.65
6191,精成科,TWSE,115.5,1,674312371,116.5,114
6192,巨路,TWSE,117.5,-1,60675990,119.5,116.5
6196,帆宣,TWSE,305.5,8.5,2224133016,315,297
6197,佳必琪,TWSE,148,-1,91113729,149.5,147.5
6201,亞弘電,TWSE,55.3,0.5,1350024,55.6,54.7
6202,盛群,TWSE,38.4,-0.5,20323499,39.1,38.2
6205,詮欣,TWSE,62.2,-4.3,88190776,65.4,61.5
6206,飛捷,TWSE,95.5,0.6,161280900,96.6,95
6209,今國光,TWSE,59.5,2,305252228,59.8,57.3
6213,聯茂,TWSE,115.5,-1.5,574306868,118,114
6214,精誠,TWSE,118.5,0,32727388,119,117.5
6215,和椿,TWSE,114,-0.5,327695863,116,113.5
6216,居易,TWSE,28.25,-0.9,43265226,28.7,28.1
6224,聚鼎,TWSE,44.55,1.25,15036983,45.45,43.4
6225,天瀚,TWSE,17.05,-0.6,43224,17.65,17.05
6226,光鼎,TWSE,8.32,0.75,12959767,8.32,7.57
6230,尼得科超眾,TWSE,120,-3,7595880,122,118.5
6235,華孚,TWSE,62.9,0.4,43811235,62.9,61.4
6239,力成,TWSE,257.5,6,4701111876,257.5,247.5
6243,迅杰,TWSE,35.65,0.15,6910416,35.85,34.7
6257,矽格,TWSE,135,5.5,2921099199,139.5,129
6269,台郡,TWSE,58.6,0.1,60661969,59,57.3
6271,同欣電,TWSE,128.5,-2,303570192,132,127.5
6272,驊陞,TWSE,43.25,-1.05,29651990,44.3,42.3
6277,宏正,TWSE,61.3,0,5731088,61.7,60.9
6278,台表科,TWSE,96.1,-0.7,133347743,97.1,96.1
6281,全國電,TWSE,62.5,-0.2,5068531,63,62.5
6282,康舒,TWSE,56.5,2.1,9767440384,58,54
6283,淳安,TWSE,24.5,0.3,2480218,24.5,24.1
6285,啟碁,TWSE,108.5,1.5,496556129,109,107
6405,悅城,TWSE,30.5,0.05,18189725,30.95,29.85
6409,旭隼,TWSE,1000,-45,909600571,1040,993
6412,群電,TWSE,83.1,0.8,75958158,83.6,82.6
6414,樺漢,TWSE,297,0,371004319,302,295
6415,矽力*-KY,TWSE,211,-10,1449891561,221,211
6416,瑞祺電通,TWSE,88.5,-1,15227378,89.5,87.5
6423,億而得-創,TWSE,84.5,0.5,5100356,84.9,82.6
6426,統新,TWSE,92.2,4.5,92682236,93,87.1
6431,光麗-KY,TWSE,28.8,-0.1,12147754,29.3,27.95
6438,迅得,TWSE,146.5,6,249799716,147.5,138
6442,光聖,TWSE,1320,-40,3235393670,1370,1300
6443,元晶,TWSE,38.6,-0.6,4084986149,38.8,37.1
6446,藥華藥,TWSE,534,7,1255213843,535,525
6449,鈺邦,TWSE,184.5,-4.5,1055096873,200,182
6451,訊芯-KY,TWSE,149.5,-2.5,50651918,152,149.5
6456,GIS-KY,TWSE,43.45,0.35,27421493,43.5,42.6
6464,台數科,TWSE,77.4,0,722047,77.4,77.4
6472,保瑞,TWSE,526,13,475056667,533,510
6477,安集,TWSE,35.6,-0.4,34912609,36.15,35.2
6491,晶碩,TWSE,285.5,-2,27120137,288.5,285.5
6504,南六,TWSE,42,0.85,2231441,42.2,41.75
6505,台塑化,TWSE,50,2.1,577648470,50.3,47.95
6515,穎崴,TWSE,3450,-45,1234838680,3475,3400
6525,捷敏-KY,TWSE,77.2,-0.6,9237935,78,76.5
6526,達發,TWSE,440,-1.5,147831582,440.5,428
6531,愛普*,TWSE,470,1.5,1945659774,482,465
6533,晶心科,TWSE,239.5,-3.5,72956596,245,238.5
6534,正瀚-創,TWSE,89.9,-0.6,2487871,90.4,89.2
6541,泰福-KY,TWSE,52.1,0.8,18546822,52.1,51
6550,北極星藥業-KY,TWSE,33.1,0.15,39096658,33.1,32.2
6552,易華電,TWSE,25.8,0,1834733,25.95,25.6
6558,興能高,TWSE,36.75,-0.2,17224482,37.2,36.35
6573,虹揚-KY,TWSE,15.3,0.1,2032979,15.35,15.05
6579,研揚,TWSE,113,-1,5651149,114,112.5
6581,鋼聯,TWSE,108,-1.5,1581660,109,107.5
6582,申豐,TWSE,32.55,0.35,1898398,33.1,32.1
6585,鼎基,TWSE,93.8,1.8,16505738,96.2,90.4
6589,台康生技,TWSE,67,1,61481875,67.5,65.7
6591,動力-KY,TWSE,72.3,-0.9,18550832,73.2,72.3
6592,和潤企業,TWSE,62.5,0.6,83234478,62.5,61.2
6598,ABC-KY,TWSE,24.6,0.85,5175756,24.65,23.5
6605,帝寶,TWSE,153,5.5,247069763,154,147.5
6606,建德工業,TWSE,25,-0.15,2594601,25.55,25
6614,資拓宏宇,TWSE,49.15,-0.55,4505510,49.7,49.1
6625,必應,TWSE,88.5,0.3,25095215,89,88.2
6641,基士德-KY,TWSE,27.2,1.45,61112521,28.3,26.2
6645,金萬林-創,TWSE,17.8,0.05,397804,18.1,17.8
6655,科定,TWSE,120,1.5,2280100,120.5,119
6657,華安,TWSE,42.25,0.05,5546880,42.75,42.05
6658,聯策,TWSE,57.7,-0.2,11605747,58.7,56.3
6666,羅麗芬-KY,TWSE,45.45,-0.1,684350,45.65,45.45
6668,中揚光,TWSE,39.1,-0.8,20004415,40,38.8
6669,緯穎,TWSE,3945,-15,3774998640,4005,3920
6670,復盛應用,TWSE,280,2.5,212414078,284.5,277.5
6671,三能-KY,TWSE,37.2,-0.3,192775,37.65,37.2
6672,騰輝電子-KY,TWSE,103,2.5,807120189,103,96.8
6674,鋐寶科技,TWSE,21.3,-0.85,8444515,21.75,20.7
6689,伊雲谷,TWSE,61,-0.6,7331856,62.3,60.7
6691,洋基工程,TWSE,624,9,882579752,631,610
6695,芯鼎,TWSE,43.6,-0.7,11732748,44.5,43.5
6698,旭暉應材,TWSE,33.5,-0.1,8117684,34,33.05
6706,惠特,TWSE,115,0.5,259048250,117,113
6715,嘉基,TWSE,102.5,0,9767363,102.5,99.8
6719,力智,TWSE,182.5,0,69862305,184,180
6742,澤米,TWSE,48.85,2.95,121361068,50.4,45.9
6743,安普新,TWSE,27.5,-0.35,2830341,27.5,27.15
6753,龍德造船,TWSE,138.5,-1,140909764,140,136.5
6754,匯僑設計,TWSE,48,0,453634,48,47.65
6756,威鋒電子,TWSE,83.3,-0.8,7356086,84.4,83.2
6757,台灣虎航,TWSE,66.6,-0.4,73263082,67.5,66.5
6768,志強-KY,TWSE,107.5,-0.5,50048679,108.5,106.5
6770,力積電,TWSE,51.3,0.7,2754839748,51.3,49.85
6771,平和環保-創,TWSE,46.15,-0.45,2437528,46.9,46.15
6776,展碁國際,TWSE,57.9,0,35829070,58.3,57.3
6781,AES-KY,TWSE,1170,-35,2139945185,1210,1165
6782,視陽,TWSE,181.5,1.5,68747621,184,178.5
6789,采鈺,TWSE,268.5,2,234957955,268.5,262
6790,永豐實,TWSE,38.25,-0.25,6980788,38.6,38.25
6792,詠業,TWSE,57.5,-0.5,9527815,59.3,57
6794,向榮生技,TWSE,89.4,0.4,4460673,89.7,88.1
6796,晉弘,TWSE,90,-2.7,8828337,92.6,90
6799,來頡,TWSE,87.3,1.3,44245468,88.8,86.3
6805,富世達,TWSE,1280,-20,2317918015,1320,1265
6806,森崴能源,TWSE,42.75,-0.75,75139100,43.35,42.25
6807,峰源-KY,TWSE,46.2,0.35,889663,46.2,45.85
6830,汎銓,TWSE,185,3,118875886,187,179.5
6831,邁科,TWSE,246,-6,239003814,251.5,241.5
6834,天二科技,TWSE,34.2,1.15,204988882,36.35,33.95
6835,圓裕,TWSE,39.3,0.15,3055636,39.5,39
6838,台新藥,TWSE,29.75,2.7,25949205,29.75,27.15
6854,錼創科技-KY創,TWSE,124.5,-8,97019842,131,123
6861,睿生光電,TWSE,67.7,0.7,16904075,68.6,66.7
6862,三集瑞-KY,TWSE,172.5,-3,94901291,181.5,172.5
6863,永道-KY,TWSE,121.5,-5,28981380,126.5,120.5
6869,雲豹能源,TWSE,95.4,-1.9,85726869,98.6,94.8
6873,泓德能源,TWSE,103,-3,42485465,106,102.5
6885,全福生技,TWSE,29.5,1,13503264,29.5,28.8
6887,寶綠特-KY,TWSE,63.8,-0.2,949934,64,61.6
6890,來億-KY,TWSE,248.5,-6.5,149453692,256.5,246
6901,鑽石投資,TWSE,17.9,0.05,11698411,18.05,17.65
6902,GOGOLOOK,TWSE,76,2,2482264,76,73.1
6906,現觀科,TWSE,79.1,-0.6,6080694,80.4,77.8
6909,創控,TWSE,54.3,-0.3,224074308,57.9,53
6914,阜爾運通,TWSE,147,1,11926208,147.5,144
6916,華凌,TWSE,19,0.35,2173866,19.35,18.7
6918,愛派司,TWSE,82.5,-0.5,3006707,83.5,82.5
6919,康霈*,TWSE,165,15,1168082614,165,150
6921,嘉雨思-創,TWSE,56.4,-1.6,2698520,58,55.6
6923,中台,TWSE,102.5,-3.5,107408832,106.5,101.5
6924,榮惠-KY創,TWSE,73.1,0,147660,73.1,73.1
6928,攸泰科技,TWSE,57.2,5.2,26145362,57.2,51.2
6931,青松健康,TWSE,59.1,-0.1,3139764,59.3,58.7
6933,AMAX-KY,TWSE,147.5,-4,21635447,150,146
6936,永鴻生技,TWSE,35.7,0,1696220,35.9,35.5
6937,天虹,TWSE,232.5,-2.5,53478577,238,230
6944,兆聯實業,TWSE,767,-18,900294397,779,752
6949,沛爾生醫-創,TWSE,351,13,96170196,359,337.5
6951,青新-創,TWSE,76.5,-2,8978063,78.1,76
6952,大武山,TWSE,43.15,0.15,523077,43.3,42.8
6955,邦睿生技-創,TWSE,162,0,1458000,162.5,161.5
6957,裕慶-KY,TWSE,198,-2.5,5949277,201,197.5
6958,日盛台駿,TWSE,15.2,0.15,1162498,15.55,15.05
6962,奕力-KY,TWSE,38.05,-0.55,71979440,38.95,37.85
6965,中傑-KY,TWSE,87.2,-0.3,9283263,88.8,86.4
6969,成信實業*-創,TWSE,37.25,-2.25,12464627,39.7,35.55
6988,威力暘-創,TWSE,16.3,0,152050,16.65,16.15
6994,富威電力,TWSE,92.8,-1.1,39121537,95.1,91.8
7610,聯友金屬-創,TWSE,196,1,189319890,198,188.5
7631,聚賢研發-創,TWSE,128,-2,1810566,130,127
7705,三商餐飲,TWSE,40,-0.05,1754665,40.05,39.65
7711,永擎,TWSE,253,-2.5,24410092,255.5,251
7721,微程式,TWSE,49.2,0.7,1904517,49.3,48.5
7722,LINEPAY,TWSE,521,-7,72619907,529,519
7730,暉盛-創,TWSE,99.9,0,1427197,100,98.5
7732,金興精密,TWSE,39.5,0.4,156289,39.5,38.15
7736,虎山,TWSE,87.7,0.1,1144000,88.5,87.6
7740,熙特爾-創,TWSE,175.5,2.5,51079155,182,172
7749,意騰-KY,TWSE,437,1.5,44408856,437,427.5
7750,新代,TWSE,864,-4,48709546,870,851
7765,中華資安,TWSE,269.5,0,8994427,273,269.5
7769,鴻勁,TWSE,3465,-40,2630769440,3565,3450
7786,東方風能,TWSE,168,-1,44620226,171.5,165.5
7788,松川精密,TWSE,136,-3.5,18665248,139.5,135.5
7791,皇家可口,TWSE,72.1,0,1788581,72.6,72
7799,禾榮科,TWSE,430,1.5,491051312,458.5,425.5
8011,台通,TWSE,22.85,-0.05,28386820,23.1,22.45
8016,矽創,TWSE,190,-1.5,116272153,193,188.5
8021,尖點,TWSE,222.5,8,4649762496,225,215
8028,昇陽半導體,TWSE,190,1.5,1124854998,190,183.5
8033,雷虎,TWSE,154,0,254008042,155.5,152
8039,台虹,TWSE,88,1.8,1152343660,88.3,85.6
8045,達運光電,TWSE,77.4,2.8,12792810,77.6,75.4
8046,南電,TWSE,263.5,2,5345864058,278,258.5
8070,長華*,TWSE,46.7,-0.8,106559645,47.5,46.6
8072,陞泰,TWSE,33.05,1.35,50155487,33.95,31.7
8081,致新,TWSE,217,-5,152696491,223,217
8101,華冠,TWSE,16.15,-0.4,187246,16.8,16
8103,瀚荃,TWSE,95,1.5,168995040,95,91.7
8104,錸寶,TWSE,37.1,2.8,428372924,37.7,33.2
8105,凌巨,TWSE,14.4,0.35,84930934,14.4,13.8
8110,華東,TWSE,79.7,-1.2,3918596725,82.1,79
8112,至上,TWSE,76.7,-0.5,738837239,77.6,76.2
8114,振樺電,TWSE,198,-2.5,445810321,204,193.5
8131,福懋科,TWSE,67.5,0.1,607669652,68.4,66.2
8150,南茂,TWSE,61.6,2.2,3812269468,62.1,58.4
8162,微矽電子-創,TWSE,36.35,-0.7,2085878,37.05,36.35
8163,達方,TWSE,32,-0.65,49096805,32.35,31.55
8201,無敵,TWSE,13.9,-0.15,2285871,14.1,13.85
8210,勤誠,TWSE,933,-46,1779439604,977,933
8213,志超,TWSE,34.9,0.2,7773884,34.9,34.4
8215,明基材,TWSE,20.65,-0.3,10587334,21,20.5
8222,寶一,TWSE,43,-0.3,23538706,43.85,42.85
8249,菱光,TWSE,53.4,-0.7,51280865,54.7,53.1
8261,富鼎,TWSE,90.1,-0.4,63559300,91.2,90.1
8271,宇瞻,TWSE,121,-1.5,606535005,122.5,119
8341,日友,TWSE,84.3,-7.2,215030269,91,83.1
8367,建新國際,TWSE,43.7,0.25,1310648,43.75,43.5
8374,羅昇,TWSE,86.6,-0.9,37538125,88.5,86.1
8404,百和興業-KY,TWSE,24.5,-0.25,11714088,25.05,24.4
8411,福貞-KY,TWSE,12.1,0,495112,12.1,12
8422,可寧衛*,TWSE,46.75,-5.15,4730174506,47.05,46.75
8429,金麗-KY,TWSE,7.65,0.01,1261243,7.65,7.57
8438,昶昕,TWSE,57.5,1.5,37264913,57.5,54
8442,威宏-KY,TWSE,72.5,0.3,4449548,72.8,72.1
8443,阿瘦,TWSE,11.2,0,103145,11.3,11.2
8454,富邦媒,TWSE,205.5,-2,56426375,209,204
8462,柏文,TWSE,155.5,-0.5,9538878,156.5,155
8463,潤泰材,TWSE,26.85,-0.25,1087241,27.2,26.85
8464,億豐,TWSE,423,25,633526253,427.5,403.5
8466,美吉吉-KY,TWSE,21.9,0.1,682909,22,21.75
8467,波力-KY,TWSE,183,5.5,29561769,185,178
8473,山林水,TWSE,40.3,0.85,190736937,41.85,38.85
8476,台境*,TWSE,24.75,2.05,941854510,24.95,23.8
8478,東哥遊艇,TWSE,188.5,-3,44061475,192,187.5
8481,政伸,TWSE,42,0.75,2489293,42.2,41.25
8482,商億-KY,TWSE,50.2,0,336783,51.4,50.2
8487,愛爾達-創,TWSE,80.1,1.3,4854208,81.2,79.5
8488,吉源-KY,TWSE,10.1,0.1,51778,10.1,10.1
8499,鼎炫-KY,TWSE,318,-7,39362455,327.5,317.5
8926,台汽電,TWSE,42.45,0.15,47908447,42.85,41.95
8940,新天地,TWSE,20.5,-0.25,914576,21.2,20.45
8996,高力,TWSE,708,-38,5835244823,726,685
9103,美德醫療-DR,TWSE,4.75,0.09,2915645,4.79,4.66
9105,泰金寶-DR,TWSE,6.41,-0.12,486840646,6.54,6.27
9110,越南控-DR,TWSE,3.17,0.07,38859,3.17,3.14
9136,巨騰-DR,TWSE,8.35,-0.05,4010682,8.43,8.22
9802,鈺齊-KY,TWSE,101,-1.5,66351953,103,100.5
9902,台火,TWSE,17.3,0.15,4216952,17.35,17
9904,寶成,TWSE,31.7,0.05,206309416,32,31.45
9905,大華,TWSE,20.1,0,1395420,20.15,20.05
9906,欣巴巴,TWSE,48.95,-0.55,3830091,49.5,48.5
9907,統一實,TWSE,18.9,-0.1,37871411,19.1,18.8
9908,大台北,TWSE,29.9,0,5741305,29.95,29.85
9910,豐泰,TWSE,106.5,-1,137423485,107.5,103.5
9911,櫻花,TWSE,85.2,0.7,20121556,85.2,84
9912,偉聯,TWSE,12.05,-0.15,461655,12.25,12.05
9914,美利達,TWSE,87.3,-1.7,241611196,89.4,86.4
9917,中保科,TWSE,109.5,0,39688873,110.5,109.5
9918,欣天然,TWSE,39.75,0.1,1035056,39.75,39.55
9919,康那香,TWSE,16.65,-0.1,3944031,16.75,16.55
9921,巨大,TWSE,92.5,-1.3,155456146,94.1,91.5
9924,福興,TWSE,49.9,0.1,3590109,50.3,49.65
9925,新保,TWSE,41,0,6925272,41,40.85
9926,新海,TWSE,49.45,0.1,654120,49.5,49.35
9927,泰銘,TWSE,70.8,0.4,7299413,70.9,69.8
9928,中視,TWSE,18.35,0.2,1349375,18.5,18.15
9929,秋雨,TWSE,10.5,-0.15,159791,10.7,10.5
9930,中聯資源,TWSE,71.8,-0.1,5414087,72.3,71.5
9931,欣高,TWSE,34.2,0.2,136746,34.2,33.95
9933,中鼎,TWSE,33.55,0.45,173783290,33.8,32.6
9934,成霖,TWSE,10,0,3672237,10.05,9.92
9935,慶豐富,TWSE,20.4,0.25,5283494,20.6,20.15
9937,全國,TWSE,57.5,0.7,3061762,57.7,57
9938,百和,TWSE,53,-0.6,53264388,53.8,53
9939,宏全,TWSE,119.5,0.5,72782463,120,118
9940,信義,TWSE,22.8,-0.15,5478876,23,22.75
9941,裕融,TWSE,80.4,-1.1,91929717,81.5,80.3
9942,茂順,TWSE,107.5,0.5,11592633,108,107
9943,好樂迪,TWSE,60.4,-0.2,2140362,60.6,60.4
9944,新麗,TWSE,16.9,0.1,1142878,16.95,16.85
9945,潤泰新,TWSE,30.25,-0.15,127021883,30.65,30.15
9946,三發地產,TWSE,18.2,-0.15,4027521,18.35,18.05
9955,佳龍,TWSE,36.85,-3.7,468543967,41.55,36.5
9958,世紀鋼,TWSE,142,0,259983568,145.5,140
1240,茂生農經,TPEX,60,0,454569,60.3,59.7
1259,安心,TPEX,61.4,-0.1,430259,61.5,61.3
1264,德麥,TPEX,281,0.5,4068005,281,280.5
1268,漢來美食,TPEX,162,-1,13868904,163,161
1294,漢田生技,TPEX,77.8,3.5,5772479,77.8,74.4
1295,生合,TPEX,85.2,-1,3923696,86.2,85
1336,台翰,TPEX,16.05,0.1,2349914,16.1,15.8
1565,精華,TPEX,119,0.5,12138350,119,117.5
1569,濱川,TPEX,50.9,0.3,21724280,50.9,49.95
1570,力肯,TPEX,30.1,-0.25,27976243,30.7,29.7
1580,新麥,TPEX,133,-0.5,6291403,133.5,132.5
1584,精剛,TPEX,23.8,0.4,24322990,23.9,23.45
1586,和勤,TPEX,27.85,0.45,21725766,28,27.1
1591,駿吉-KY,TPEX,50.5,-0.4,7262823,51.5,50.1
1593,祺驊,TPEX,31.6,1,3469721,31.65,31.2
1595,川寶,TPEX,41,-0.6,9077903,41.6,40.65
1599,宏佳騰,TPEX,27.5,-0.2,1206558,27.85,27.4
1742,台蠟,TPEX,15.6,0.2,1955423,15.65,15.3
1777,生泰,TPEX,72.3,-0.1,3625870,72.5,71.9
1781,合世,TPEX,12.25,0.05,1046565,12.65,12.2
1784,訊聯,TPEX,113,0,46576165,115.5,112.5
1785,光洋科,TPEX,64.2,-0.1,321124683,64.9,63.7
1788,杏昌,TPEX,136.5,-1,2497899,137,136.5
1796,金穎生技,TPEX,46,-0.3,1030240,46.5,46
1799,易威,TPEX,34.65,0.35,2178220,35,34.35
1813,寶利徠,TPEX,13.8,0.15,546183,14,13.5
1815,富喬,TPEX,93.2,5.2,15857463765,95.5,89
2035,唐榮,TPEX,28.5,0,85790,28.5,28.5
2061,風青,TPEX,18.85,0.2,2564755,19,18.6
2063,世鎧,TPEX,25.4,0.25,873804,25.55,25.15
2064,晉椿,TPEX,11.75,0.15,259311,11.9,11.75
2065,世豐,TPEX,30.6,0.95,7592016,30.6,29.65
2066,世德,TPEX,49.4,0.4,801677,49.4,48.5
2067,嘉鋼,TPEX,10.95,0.35,1809750,10.95,10.35
2070,精湛,TPEX,44.7,-0.05,3977381,45.1,44.2
2073,雄順,TPEX,26.5,0.4,212400,26.7,26.5
2221,大甲,TPEX,30.95,0.2,2240187,31.2,30.95
2230,泰茂,TPEX,92.8,-1.3,12435917,95.3,92.8
2235,謚源,TPEX,34.5,-0.25,53923,34.5,34.5
2596,綠意,TPEX,36.65,-0.75,5592563,37.6,36.6
2640,大車隊,TPEX,128.5,0,4353045,128.5,127.5
2641,正德,TPEX,20.9,0.15,58072931,21,20.6
2643,捷迅,TPEX,72.8,-0.2,1020866,72.9,72.5
2718,全心投控,TPEX,52.9,0.1,5988575,54.1,52.9
2719,燦星旅,TPEX,30.75,0.25,183700,30.8,30.15
2724,藝舍-KY,TPEX,20.3,-0.05,40600,20.3,20.3
2726,雅茗-KY,TPEX,12.6,0.05,658092,12.8,12.55
2729,瓦城,TPEX,175,-0.5,1757114,175,174.5
2732,六角,TPEX,69.1,0,1159095,69.1,68.8
2734,易飛網,TPEX,18.45,-0.15,840170,18.6,18.3
2736,富野,TPEX,14.7,0.2,1049683,14.75,14.55
2740,天蔥,TPEX,28.9,0,638085,29.75,28.75
2743,山富,TPEX,82.7,-0.3,12976892,83.5,82.3
2745,五福,TPEX,110,0.5,27247992,111,109.5
2751,王座,TPEX,62.1,-0.3,760768,62.1,61.7
2752,豆府,TPEX,211,2.5,3575309,211,208
2754,亞洲藏壽司,TPEX,82.1,-0.1,1582102,82.2,81.6
2755,揚秦,TPEX,120,0,2483248,120,118
2756,聯發國際,TPEX,80.5,0.5,2843178,81,79.3
2916,滿心,TPEX,47.35,0.05,862790,47.45,47.2
2926,誠品生活,TPEX,39.45,0,480478,39.5,39.45
2937,集雅社,TPEX,44.2,0.1,140382,44.2,43.9
2941,米斯特,TPEX,42.05,-0.9,115077,42.5,42.05
2947,振宇五金,TPEX,81.9,-0.7,2063711,82.6,81.3
2948,寶陞,TPEX,38.7,0.35,77426,38.7,38.65
3064,泰偉,TPEX,46.5,-1.1,84485,46.5,46.5
3066,李洲,TPEX,15.5,1.4,6874187,15.5,14.3
3067,全域,TPEX,18.2,0.05,63960,18.2,18.2
3071,協禧,TPEX,23.95,-0.3,5264594,24.25,23.7
3073,天方能源,TPEX,32,-1,8322207,33.05,31.75
3078,僑威,TPEX,64.9,-0.1,49917340,65.5,64.4
3081,聯亞,TPEX,672,3,2276607905,683,648
3083,網龍,TPEX,37.6,0.5,10983652,38.2,36.8
3085,新零售,TPEX,14,1.25,645214,14,13.5
3086,華義,TPEX,213.5,2,11093500,218.5,211.5
3088,艾訊,TPEX,83.5,0.1,43566992,84.8,82.4
3093,港建*,TPEX,25.1,0.1,2657024,25.2,24.85
3095,及成,TPEX,30,-0.8,358563,30.05,29.9
3105,穩懋,TPEX,222,6.5,6134176273,225.5,212
3114,好德,TPEX,26.35,-0.25,3501609,26.6,26.1
3115,富榮綱,TPEX,10.7,0.15,100186,10.7,10.55
3118,進階,TPEX,33.1,0.05,614773,33.35,33.1
3122,笙泉,TPEX,21.85,0.4,5702423,22.2,21.45
3128,昇銳,TPEX,28.5,-0.15,8202536,28.5,27.9
3131,弘塑,TPEX,1785,-55,1223390915,1840,1775
3141,晶宏,TPEX,50.3,0.2,17081396,50.8,49.65
3147,大綜,TPEX,157.5,2.5,23792405,159,154.5
3152,璟德,TPEX,170,-13,945825125,181.5,166
3158,嘉實,TPEX,90.9,0.1,741023,91.2,90.5
3162,精確,TPEX,60.1,0.1,135381745,61.6,59.5
3163,波若威,TPEX,365,1.5,127731700,366,356
3169,亞信,TPEX,96.5,-1.7,12416617,98,95.4
3171,炎洲流通,TPEX,48.1,0.45,1029419,48.1,47.7
3176,基亞,TPEX,32.75,0.1,7123629,33.15,32.2
3178,公準,TPEX,59.8,-0.4,4320520,60.1,59.4
3188,鑫龍騰,TPEX,29.8,0.35,11401126,29.85,29.4
3191,雲嘉南,TPEX,17.95,0.25,156549,17.95,16.5
3205,佰研,TPEX,50.8,0.2,3370765,51.2,50.6
3206,志豐,TPEX,31.85,0.05,1501762,32.05,31.75
3207,耀勝,TPEX,78,-3.7,183938793,82.5,77.4
3211,順達,TPEX,290.5,-3.5,576300961,297,290
3213,茂訊,TPEX,104,0,16056142,104.5,103
3217,優群,TPEX,171.5,1.5,205073548,173,167
3218,大學光,TPEX,149.5,0,22790370,150,148
3219,倚強科,TPEX,70,-1.9,48490518,72.9,68.8
3221,台嘉碩,TPEX,27.8,1.7,338887345,28.65,26.5
3224,三顧,TPEX,47.35,0.35,1742407,47.35,46.5
3226,龍鋒,TPEX,50.9,1.6,6252021,52.4,49.05
3227,原相,TPEX,209,-2.5,283817639,211,206
3228,金麗科,TPEX,123,-0.5,26686651,123,121
3230,錦明,TPEX,35.1,-0.8,8912916,36.05,34.6
3232,昱捷,TPEX,23.3,-0.35,1017084,23.65,23.3
3234,光環,TPEX,45.6,1.65,60360744,45.8,43.65
3236,千如,TPEX,37.9,2,1783884431,38.75,35.2
3252,海灣,TPEX,18.2,0.15,911849,18.55,18
3259,鑫創,TPEX,20.25,-0.25,3348469,20.6,19.95
3260,威剛,TPEX,280,6.5,461449792,280,273.5
3264,欣銓,TPEX,140,-1,793587913,142,136.5
3265,台星科,TPEX,144.5,6.5,1693395304,148.5,140
3268,海德威,TPEX,17.15,0.1,701645,17.15,17
3272,東碩,TPEX,19.75,-0.1,1539004,20.05,19.55
3276,宇環,TPEX,15.6,0.05,904328,15.7,15.45
3284,太普高,TPEX,20.7,0.35,2491475,20.95,20.6
3285,微端,TPEX,28.4,0.05,656930,28.75,27.75
3287,廣寰科,TPEX,29.5,0,2224939,29.7,29.15
3288,點晶,TPEX,17.15,-0.1,371230,17.35,16.6
3289,宜特,TPEX,123,0.5,76769667,123,121
3290,東浦,TPEX,43.9,0.2,25708080,44.1,43.05
3293,鈊象,TPEX,755,-3,989576329,764,755
3294,英濟,TPEX,40.95,0.35,303360937,42.1,39.9
3297,杭特,TPEX,40.6,-0.5,4623483,41.2,40.25
3303,岱稜,TPEX,47,-0.15,10594662,47.3,46.45
3306,鼎天,TPEX,50.1,-0.4,11588929,50.9,49.4
3310,佳穎,TPEX,79.8,-0.5,1978277,79.8,78.5
3313,斐成,TPEX,14.6,-0.4,2967510,15.05,14.6
3317,尼克森,TPEX,46.85,-0.15,26709177,47.4,46.55
3322,建舜電,TPEX,16.8,0.1,13592071,17,16.4
3323,加百裕,TPEX,39.9,0.1,53320724,40.5,39.55
3324,雙鴻,TPEX,969,-23,2997962788,996,956
3325,旭品,TPEX,16.3,-0.1,2701095,16.5,16.2
3332,幸康,TPEX,54.3,-1.2,8429113,56.5,54
3339,泰谷,TPEX,27.9,-0.3,19071268,28.4,27.45
3349,寶德,TPEX,30.25,0.25,16830686,30.8,29.35
3354,律勝,TPEX,32.2,2.9,180787002,32.2,28.6
3357,臺慶科,TPEX,169,1.5,965672564,174,167
3360,尚立,TPEX,15.55,-0.4,19435785,15.9,15.35
3362,先進光,TPEX,100,-1.5,57293319,101.5,99.4
3363,上詮,TPEX,415,-7,429443410,428,415
3372,典範,TPEX,23.2,1.15,72262647,23.65,21.7
3373,熱映,TPEX,17.35,0.15,1161299,17.4,17.2
3374,精材,TPEX,179.5,3.5,1127787352,179.5,171
3379,彬台,TPEX,51.5,0,13767816,51.9,50.7
3388,崇越電,TPEX,62.2,0.1,3653221,62.5,62
3390,旭軟,TPEX,24.9,0.45,13652741,25.15,24.25
3402,漢科,TPEX,145.5,-0.5,296195751,147,143
3426,台興,TPEX,40.4,-0.15,770770,40.55,40.15
3430,奇鈦科,TPEX,81.3,3.3,120160960,84.5,76.8
3434,哲固,TPEX,31.5,-0.25,2688705,31.75,31.1
3438,類比科,TPEX,53.5,0.2,6124395,54.9,52.6
3441,聯一光,TPEX,37.25,-0.3,2973239,37.95,37.15
3444,利機,TPEX,79.8,1.7,40351062,81.5,78.5
3455,由田,TPEX,126.5,4,981716943,129.5,123
3465,進泰電子,TPEX,51.1,0,80020,51.1,51.1
3466,德晉,TPEX,39.8,-0.75,15005660,41,39.55
3467,台灣精材,TPEX,43.85,-0.6,2024624,44.9,42.95
3479,安勤,TPEX,92.7,-0.2,10417968,93.2,92.2
3483,力致,TPEX,88.6,-1,32272164,89.6,88
3484,崧騰,TPEX,51.5,1.5,24058971,51.5,50
3489,森寶,TPEX,22.15,-0.05,2230771,22.25,22.1
3490,單井,TPEX,25.45,-0.35,6815607,25.9,25
3491,昇達科,TPEX,890,27,2979520918,890,862
3492,長盛,TPEX,25.45,-0.05,3981437,25.8,25.4
3498,陽程,TPEX,53.3,-1.1,54343616,55.5,53.1
3499,環天科,TPEX,18.5,-0.35,5276861,18.85,18.2
3508,位速,TPEX,24,0.1,4272448,24.05,23.45
3511,矽瑪,TPEX,22.65,1.05,30083048,22.75,21.75
3512,皇龍,TPEX,21.65,0.1,1570526,21.7,21.45
3516,亞帝歐,TPEX,19.8,0.05,203099,20.25,19.65
3520,華盈,TPEX,16.4,0.25,1893681,16.4,16.15
3521,鴻翊,TPEX,14.8,0.15,1949701,15,14.6
3522,御嵿,TPEX,17.65,-0.35,709766,18.2,17.65
3523,迎輝,TPEX,18.3,0.95,178950,18.45,17.35
3526,凡甲,TPEX,249.5,1,52712837,250,248
3527,聚積,TPEX,57.1,0.6,10508181,59.4,56
3529,力旺,TPEX,1680,-10,707856675,1700,1670
3537,堡達,TPEX,54.2,0.3,280079470,56.5,53.4
3540,曜越,TPEX,31.7,0,8073761,32.25,31.2
3541,西柏,TPEX,25.3,-0.1,1579298,25.95,25.2
3546,宇峻,TPEX,78,-0.7,26762498,78.7,77.6
3548,兆利,TPEX,89.5,-0.7,21916721,90.3,88.5
3551,世禾,TPEX,202.5,-5,253052631,206.5,201
3552,同致,TPEX,60.5,-0.8,7241193,61.6,60.3
3555,博士旺,TPEX,83.1,-1.4,13612698,84.8,82.6
3556,禾瑞亞,TPEX,37.7,0.2,3892493,37.8,37.5
3558,神準,TPEX,132.5,-2,20928623,135,132
3564,其陽,TPEX,48.2,0.2,6081495,48.8,47.15
3567,逸昌,TPEX,26.6,1.2,5671530,26.8,25.85
3570,大塚,TPEX,170,-1.5,3740730,172,170
3577,泓格,TPEX,65.5,-1.2,15069632,66.6,64.6
3580,友威科,TPEX,71.4,1,261448514,75.3,70.2
3581,博磊,TPEX,74,0.6,127021750,75.9,72.8
3587,閎康,TPEX,187.5,-4.5,64005170,192,187.5
3594,磐儀,TPEX,37.25,0.55,9844348,38.35,36.8
3597,映興,TPEX,24.7,-0.05,674315,24.9,24.7
3609,三一東林,TPEX,39.05,1.75,8747718,39.5,37.1
3611,鼎翰,TPEX,202,0,1890248,202,201
3615,安可,TPEX,26.2,0.4,20698834,26.65,25.7
3623,富晶通,TPEX,31.4,0.65,18544704,31.65,30.25
3624,光頡,TPEX,64.3,-1.7,805621432,68.7,64.1
3625,西勝,TPEX,20.2,-0.25,9081811,20.6,20
3628,盈正,TPEX,71.5,0.6,19766678,71.9,69.6
3629,地心引力,TPEX,22.05,0,68260,22.05,22.05
3630,新鉅科,TPEX,31.05,-0.35,37416525,31.6,30.8
3631,晟楠,TPEX,24.55,-0.3,3912937,25.1,23.8
3632,研勤,TPEX,9.33,0,152756,9.33,9.33
3646,艾恩特,TPEX,25.35,0.15,411383,26,25.2
3663,鑫科,TPEX,68.4,6.2,898602108,68.4,62.7
3664,安瑞-KY,TPEX,16.2,0,491242,16.45,16.1
3666,光耀,TPEX,29.35,-0.55,1118769,29.5,29.3
3672,康聯訊,TPEX,11.9,0.1,947237,12.4,11.9
3675,德微,TPEX,141.5,-1,39841829,145,141
3680,家登,TPEX,421,-3,967666101,427,413
3684,榮昌,TPEX,62.2,0.6,2369072,63.4,62.2
3685,元創精密,TPEX,38.55,0.05,12476126,38.95,38.2
3687,歐買尬,TPEX,82.7,-1.1,12706454,84.1,82.4
3689,湧德,TPEX,125,-0.5,572898085,125,121.5
3691,碩禾,TPEX,104.5,9.5,217128189,104.5,99
3693,營邦,TPEX,357.5,-13.5,179742097,362,357
3707,漢磊,TPEX,57.2,-0.3,332874493,57.7,55.9
3709,鑫聯大投控,TPEX,60.5,-0.4,211716122,63.5,60.1
3710,連展投控,TPEX,5.66,-0.01,1456669,5.67,5.51
3713,新晶投控,TPEX,22.35,-0.25,761030,22.55,22.05
4102,永日,TPEX,20.15,-0.25,1472317,20.7,20.15
4105,東洋,TPEX,83.1,0.1,58352999,83.5,82.8
4107,邦特,TPEX,123.5,0,2864204,123.5,123.5
4109,加捷生醫,TPEX,15.1,0.25,7362983,15.4,14.85
4111,濟生,TPEX,29.8,0.2,4275843,29.85,29.5
4113,聯上,TPEX,22.3,-0.1,1543868,22.4,22.05
4114,健喬,TPEX,32.8,-0.1,20156167,33,32.8
4116,明基醫,TPEX,44.8,-0.25,551742,45.6,44.65
4120,友華,TPEX,45.1,0.7,225848,45.2,44.5
4121,優盛,TPEX,15.25,0.05,1494653,15.3,15.15
4123,晟德,TPEX,41.8,0.6,191754479,42.8,41.75
4126,太醫,TPEX,83.1,-0.1,2631954,83.6,82.7
4127,天良,TPEX,31,0.35,1325978,31,30.6
4128,中天,TPEX,21.35,0.35,48243298,21.55,20.9
4129,聯合,TPEX,113,-2,29283419,114.5,112
4130,健亞,TPEX,32.7,0.65,96721108,34.5,31.8
4131,浩泰,TPEX,39.6,-0.25,1224572,39.7,38.8
4138,曜亞,TPEX,60.4,0.1,1308952,60.4,60
4139,馬光-KY,TPEX,25.3,0.3,50570,25.3,25
4147,中裕,TPEX,61.8,0,25718912,62.4,61.2
4153,鈺緯,TPEX,35,0.05,98327,35.5,35
4154,樂威科-KY,TPEX,15.65,0.75,185650,15.65,14.9
4157,太景*-KY,TPEX,14.65,0.35,79003200,15,14.35
4160,訊聯基因,TPEX,55.7,0.9,8748946,57,54.9
4161,聿新科,TPEX,27,1.95,5260077,27,25.05
4162,智擎,TPEX,71.7,1.2,34234382,71.9,70.9
4163,鐿鈦,TPEX,93.9,0.3,1850629,94.4,93.8
4166,友霖,TPEX,27.3,-0.3,5815630,28.05,27.1
4167,松瑞藥,TPEX,19.85,0,35868818,20.25,19.8
4168,醣聯,TPEX,26.45,-0.1,7105566,27,26.1
4171,瑞基,TPEX,19.8,0.2,2548144,20.25,19.7
4173,久裕,TPEX,22,0.15,3396038,22.15,21.7
4174,浩鼎,TPEX,26.4,0.15,12010369,26.5,26.15
4175,杏一,TPEX,58,-0.8,759877,58.8,58
4183,福永生技,TPEX,16.8,0,134433,16.8,16.8
4188,安克,TPEX,14.35,0.05,712917,14.6,14.25
4192,杏國,TPEX,24.6,-0.05,299110,24.65,24
4198,欣大健康,TPEX,31.85,-0.1,388038,32.75,30.55
4205,中華食,TPEX,80.7,0,1756734,80.9,80.7
4207,環泰,TPEX,18.5,0.2,3058188,18.5,18.3
4303,信立,TPEX,60.7,-0.2,52399516,61.5,60.6
4304,勝昱,TPEX,32.5,0,389632,32.5,32.3
4305,世坤,TPEX,42.05,0.05,42050,42.05,42.05
4401,東隆興,TPEX,16.25,0.05,952828,16.35,16.2
4402,郡都開發,TPEX,20,0.05,598933,20.3,19.9
4406,新昕纖,TPEX,9.76,-0.16,88180,9.92,9.7
4413,飛寶企業,TPEX,18.1,-0.05,257791,18.35,18.1
4416,三圓,TPEX,29.4,-0.7,1128117,29.8,29.4
4417,金洲,TPEX,52.6,0.1,3356405,52.7,52.3
4419,皇家美食,TPEX,47.95,0.35,47950,47.95,47.95
4420,光明,TPEX,50.5,-0.1,1022038,50.6,50.2
4430,耀億,TPEX,17.6,-0.05,140911,17.65,17.6
4432,銘旺實,TPEX,16.95,-0.05,69698,17.15,16.8
4433,興采,TPEX,23.7,0.6,4432119,23.9,23.1
4442,竣邦-KY,TPEX,59.6,0,1968445,59.6,58.8
4502,健信,TPEX,16.15,0.3,86547,16.15,15.85
4503,金雨,TPEX,40.75,-0.9,5202747,41.6,40.7
4506,崇友,TPEX,118,0.5,4892017,118,117
4510,高鋒,TPEX,46.1,1.45,644986925,47.8,43.3
4513,福裕,TPEX,18.8,0.45,16855801,18.8,17.6
4523,永彰,TPEX,28.6,0.15,3278172,28.6,28.25
4527,方土霖,TPEX,40.55,-0.15,1122227,40.7,40.5
4528,江興鍛,TPEX,17.65,0.2,524159,17.7,17.45
4529,淳紳,TPEX,3.4,0,238477,3.48,3.36
4530,宏易,TPEX,28.5,0.5,168804,29.85,28.5
4533,協易機,TPEX,27.6,2.5,399531636,27.6,26
4534,慶騰,TPEX,16.35,1.45,18568063,16.35,14.7
4535,至興,TPEX,29,0.2,116756,29,28.5
4538,大詠城,TPEX,17.1,-0.25,3040685,17.4,16.75
4541,晟田,TPEX,48.6,0.5,106808939,48.7,47.25
4542,科嶠,TPEX,99.9,-1.1,67127595,101.5,98.9
4543,萬在,TPEX,30,-0.4,99152044,32.5,29.35
4549,桓達,TPEX,104,0,11381769,107,104
4550,長佳,TPEX,26,0.2,969941,26.25,25.8
4554,橙的,TPEX,27.25,-0.35,584984,27.8,27.25
4556,旭然,TPEX,31.2,2.8,8063323,31.2,31.2
4558,寶緯,TPEX,19.4,0.05,1013386,19.65,19.3
4561,健椿,TPEX,32.95,-0.25,6918707,33.45,32.5
4563,百德,TPEX,53.8,-1,24787623,56,52.5
4568,科際精密,TPEX,42.75,-0.25,383700,42.75,42.55
4577,達航科技,TPEX,53.5,-0.1,54248575,54.5,52.2
4580,捷流閥業,TPEX,81.7,-0.5,2397886,82.3,81.2
4584,君帆,TPEX,46.7,0,389386,47,46.7
4609,唐鋒,TPEX,5.7,-0.12,17126,5.72,5.69
4702,中美實,TPEX,10.1,-0.2,4367313,10.45,10
4706,大恭,TPEX,29.85,-0.15,396702,30.15,29.85
4707,磐亞,TPEX,10.2,0.05,2955247,10.2,10.1
4711,永純,TPEX,15.7,-0.05,783887,15.8,15.55
4714,永捷,TPEX,17.35,-0.15,24047734,17.7,17.25
4716,大立,TPEX,16.65,0.15,4974659,16.65,16.25
4721,美琪瑪,TPEX,69.9,-0.5,26104677,71.9,69.5
4726,永昕,TPEX,34.7,0.6,11607287,34.9,34.1
4728,雙美,TPEX,397,5,92218168,397,397
4729,熒茂,TPEX,23.75,-0.05,10436495,23.95,23.55
4735,豪展,TPEX,32.95,0.2,1883279,33.1,32.7
4741,泓瀚,TPEX,22.6,-0.05,1795876,23,22.55
4743,合一,TPEX,74.8,0,445388856,76.7,74.2
4744,皇將,TPEX,29.65,-0.25,2227523,30.05,29.6
4745,合富-KY,TPEX,22.35,-0.6,3193648,23,22.15
4747,強生,TPEX,59.4,-0.1,735605,59.4,58.9
4749,新應材,TPEX,907,-6,887584368,922,901
4754,國碳科,TPEX,38.8,0,876573,38.95,38.5
4760,勤凱,TPEX,181.5,4.5,250266734,185,178
4767,誠泰科技,TPEX,26,0.05,676554,26,25.5
4768,晶呈科技,TPEX,421.5,-21.5,1444628549,465.5,415
4772,台特化,TPEX,365,-4,675739008,376,362.5
4804,大略-KY,TPEX,6.9,0,206305,6.9,6.8
4806,桂田文創,TPEX,10,-0.1,144633,10,10
4903,聯光通,TPEX,42.9,2.65,511229853,43.8,41.5
4905,台聯電,TPEX,61.7,0.7,292773,61.7,61
4907,富宇,TPEX,44.65,0.2,2608827,45,43.75
4908,前鼎,TPEX,72.5,-0.8,12848525,73.3,72.3
4909,新復興,TPEX,63.1,0.2,394807561,65,61.6
4911,德英,TPEX,41.1,-0.3,1531904,41.35,40.8
4923,力士,TPEX,31.1,2.8,11634598,31.1,28.7
4924,欣厚-KY,TPEX,11.5,0.4,1434620,11.65,11.1
4931,新盛力,TPEX,153,-1,347878121,157,152
4933,友輝,TPEX,58.4,-0.5,9934027,59,58.1
4939,亞電,TPEX,40.3,3.65,593133382,40.3,36.95
4946,辣椒,TPEX,105.5,-3,7362880,109.5,105
4950,金耘國際,TPEX,20.2,0.4,1096372,20.3,19.5
4951,精拓科,TPEX,65.8,-0.2,3977952,66.8,65.1
4953,緯軟,TPEX,137,0,77146296,138,135
4966,譜瑞-KY,TPEX,583,-8,870822059,596,573
4971,IET-KY,TPEX,302,9,968362986,303.5,286
4972,湯石照明,TPEX,18.05,0.05,305798,18.05,18
4973,廣穎,TPEX,48.2,-0.3,233428085,49.4,46.7
4974,亞泰,TPEX,70.2,-0.2,7112948,70.6,70
4979,華星光,TPEX,277.5,-2.5,1919613495,282,275.5
4987,科誠,TPEX,81.4,0.1,17868900,81.5,81.3
4991,環宇-KY,TPEX,202.5,2,1225996547,206.5,197.5
4995,晶達,TPEX,42,-0.1,1145056,42.65,42
5009,榮剛,TPEX,33.2,-0.1,140454459,33.8,32.75
5011,久陽,TPEX,13.5,1.2,57327520,13.5,12.7
5013,強新,TPEX,30.5,0.3,1270395,31,30.25
5014,建錩,TPEX,11.7,0.5,18560027,12.2,11.4
5015,華祺,TPEX,27.8,-0.3,885971,28.35,27.8
5201,凱衛,TPEX,45.25,-0.3,5478161,46.05,44.8
5202,力新,TPEX,16.35,-0.05,2001714,16.45,16.25
5205,中茂,TPEX,30.45,0.45,33311,30.45,30.45
5206,坤悅,TPEX,31.45,-0.1,797352,31.6,31.4
5209,新鼎,TPEX,179,0,3680679,179,178
5210,寶碩,TPEX,21.85,-0.25,1466945,22.1,21.85
5211,蒙恬,TPEX,26.8,-0.05,571445,27.15,26.8
5212,凌網,TPEX,54.9,-0.7,560351,56,54.9
5213,亞昕,TPEX,25.7,0.15,16237985,25.7,25.35
5220,萬達光電,TPEX,17.6,0.05,599531,17.6,17.4
5223,安力-KY,TPEX,29.2,-0.2,642575,29.3,28.9
5227,立凱-KY,TPEX,26.15,-0.55,4598065,26.7,26.05
5228,鈺鎧,TPEX,29,0.95,133508614,30.85,28.3
5230,雷笛克光學,TPEX,18.25,0.15,1260252,18.25,18.1
5236,凌陽創新,TPEX,119,-0.5,13964442,120,118
5245,智晶,TPEX,26.6,-0.4,3277773,27,26.45
5251,天鉞電,TPEX,34.85,0.35,3947470,34.95,34.1
5263,智崴,TPEX,125,3,199173460,130,122
5272,笙科,TPEX,20.85,-0.65,16934359,21.7,20.45
5274,信驊,TPEX,8755,670,4208973405,8890,8330
5276,達輝-KY,TPEX,16,0,143600,16,15.8
5278,尚凡*,TPEX,30.1,0.05,3668668,30.35,30
5287,數字,TPEX,169,-0.5,4036815,169,168.5
5289,宜鼎,TPEX,644,-1,1886976667,663,633
5291,邑昇,TPEX,40.25,-0.75,66810129,41.9,39.5
5299,杰力,TPEX,71.5,-0.9,5848138,72.4,71.3
5301,寶得利,TPEX,12.4,0.8,46807,12.4,11.7
5302,太欣,TPEX,11.65,-0.65,22551667,12.4,11.4
5309,系統電,TPEX,65.7,0.6,275929896,66.5,64.7
5310,天剛,TPEX,26.55,0,374404,27,26.45
5312,寶島科,TPEX,100.5,0.5,4518140,101,99.8
5314,世紀*,TPEX,95.7,-2.1,434034018,97.6,95.3
5315,光聯,TPEX,23.65,0,13423847,23.65,23.45
5321,美而快,TPEX,31.2,-0.75,3343943,31.95,31.2
5324,士開,TPEX,10.8,-0.1,2341062,10.9,10.7
5328,華容,TPEX,25.85,2.35,1178431884,25.85,24.55
5340,建榮,TPEX,76.6,6.9,1205209030,76.6,71.9
5344,立衛,TPEX,14.55,-0.1,787800,14.8,14.55
5345,馥鴻,TPEX,24.8,0,809730,24.8,24
5347,世界,TPEX,127,3,4346117121,127.5,122
5348,正能量智能,TPEX,16.9,-0.05,50600,16.9,16.8
5351,鈺創,TPEX,62,1.6,303197251,62.5,60.6
5353,台林,TPEX,27.65,0.55,8580066,28.25,27.25
5355,佳總,TPEX,7.2,-0.05,349102,7.26,7.15
5356,協益,TPEX,24.9,0.1,2950776,24.9,24.7
5364,力麗店,TPEX,14.5,-0.35,5115590,15.25,14.4
5371,中光電,TPEX,91.8,2.5,2000394036,93.7,90.4
5381,合正,TPEX,29,2.1,571625241,29.55,26.9
5386,青雲,TPEX,83.3,0.4,44638178,83.9,82.4
5392,能率,TPEX,48.3,0.3,118054340,48.5,47.15
5398,慕康生醫,TPEX,22.25,-0.35,1503180,22.6,22.25
5403,中菲,TPEX,114,-0.5,6580771,115,114
5410,國眾,TPEX,31.4,-0.55,8160493,31.8,31.3
5425,台半,TPEX,64.8,-0.8,742258112,66.3,63.8
5426,振發,TPEX,20,-0.1,9801528,20.15,19.7
5432,新門,TPEX,174.5,4,39491556,176,169.5
5438,東友,TPEX,22.9,-0.4,5423015,23.45,22.6
5439,高技,TPEX,311.5,3,733146899,315,308
5443,均豪,TPEX,99,1,450314931,101,97.5
5450,南良,TPEX,14.25,0,436173,14.3,14.1
5452,佶優,TPEX,31.7,2.85,304578905,31.7,28.25
5455,昇益,TPEX,29.1,-0.3,4695163,30.4,29.1
5457,宣德,TPEX,39.3,,19821699,39.5,38.85
5460,同協,TPEX,15.65,0.25,624242,15.95,15.45
5464,霖宏,TPEX,26.4,0.05,843197,26.4,25.95
5465,富驊,TPEX,30,-0.5,7681216,30.65,29.95
5468,凱鈺,TPEX,19.35,0.8,5918858,19.5,18.5
5474,聰泰,TPEX,165.5,-1.5,25857504,167,165
5475,德宏,TPEX,92.6,8.4,411825947,92.6,84.7
5478,智冠,TPEX,101,-0.5,15764666,103,100.5
5481,新華,TPEX,22.85,-0.1,5401412,23,22.75
5483,中美晶,TPEX,117.5,-2,931964277,121,116.5
5487,通泰,TPEX,30.05,0.05,659709,30.25,29.7
5488,松普,TPEX,9.98,0.06,3728586,10.2,9.91
5489,彩富,TPEX,41.35,-0.05,1991076,41.6,41.3
5490,同亨,TPEX,27.05,-0.05,2598059,27.1,26.85
5493,三聯,TPEX,93.5,-1,14298480,94.7,92.8
5498,凱崴,TPEX,66.5,6,407612752,66.5,60.7
5508,永信建,TPEX,62,0.6,105897393,64,61.1
5511,德昌,TPEX,70.2,0.5,15743772,70.9,70
5512,力麒,TPEX,8.02,-0.02,6357580,8.06,7.95
5514,三豐,TPEX,15.9,0.1,130408,16,15.9
5516,雙喜,TPEX,16.1,0.05,3300459,16.75,15.5
5520,力泰,TPEX,89.6,0,216724,89.6,89.5
5523,豐謙,TPEX,30.25,0,1541802,30.25,30.1
5529,鉅陞,TPEX,28.95,-0.45,1698236,29.5,28.95
5530,龍巖,TPEX,52,0,158564707,55,51.1
5536,聖暉*,TPEX,803,,2852214276,819,790
5543,桓鼎-KY,TPEX,32.05,-1.85,1367593,33.85,31.3
5548,安倉,TPEX,23.55,-0.15,701458,23.85,23.4
5601,台聯櫃,TPEX,37.4,0.5,37509,37.4,37.4
5603,陸海,TPEX,18.6,0,1631059,18.65,18.55
5604,中連,TPEX,37.35,-0.45,796196,37.8,37.3
5609,中菲行,TPEX,80,0,5881410,80.2,79.9
5701,劍湖山,TPEX,3.85,-0.08,599934,3.94,3.85
5703,亞都,TPEX,15.05,0,17090,15.05,15.05
5704,老爺知,TPEX,26.35,-0.05,1153803,26.8,26.3
5864,致和證,TPEX,18.05,-0.35,64438280,18.4,17.85
5878,台名,TPEX,41.3,0.1,131317,41.3,41.2
5902,德記,TPEX,40.45,-0.35,518819,40.7,40.4
5903,全家,TPEX,191,0.5,3125267,191,190.5
5904,寶雅,TPEX,435.5,-1.5,50525301,438.5,433.5
5905,南仁湖,TPEX,9.09,0.04,11990584,9.19,8.94
6015,宏遠證,TPEX,12.95,-0.15,23603239,13.15,12.85
6016,康和證,TPEX,15.4,-0.3,75566363,15.65,15.35
6020,大展證,TPEX,19.2,-0.3,117135,19.4,19.2
6021,美好證,TPEX,27.9,0,3969065,28.1,27.6
6023,元大期,TPEX,95.7,0.2,15343154,95.7,94.5
6026,福邦證,TPEX,14.2,-0.15,22930110,14.45,14.15
6101,寬魚國際,TPEX,37.05,0.2,1406715,37.1,36.9
6104,創惟,TPEX,102.5,-1.5,180315574,104.5,101
6109,亞元,TPEX,12.45,0.6,3818636,12.45,11.85
6111,大宇資,TPEX,48.7,-0.55,16027929,49.8,48.25
6113,亞矽,TPEX,22.8,-0.45,12364920,23.15,22.6
6114,久威,TPEX,30.75,0.05,1316676,30.75,30.6
6118,建達,TPEX,19.6,-0.05,4796324,19.75,19.4
6121,新普,TPEX,358.5,-9,261284357,367.5,358
6122,擎邦,TPEX,54.6,-1.1,46586668,55.1,54.1
6123,上奇,TPEX,46,0,1660784,46.45,45.95
6124,業強,TPEX,27.2,-0.75,1954100,27.95,26.5
6125,廣運,TPEX,71.3,-1.5,116003615,72.4,70.8
6126,信音,TPEX,33.7,-0.3,61481100,33.95,33.05
6127,九豪,TPEX,40.6,-1.4,1222012631,43.7,39.8
6129,普誠,TPEX,15,-0.1,7222744,15.25,14.8
6130,上亞科技,TPEX,42.45,0.05,5074743,42.5,41.5
6134,萬旭,TPEX,32.55,2.95,279324040,32.55,28.65
6138,茂達,TPEX,221,1,94815820,223,219.5
6140,訊達,TPEX,25.95,-0.1,2699677,26.3,25.3
6143,振曜,TPEX,110.5,-1,54819987,112,109.5
6144,得利影,TPEX,18.7,0.1,240310,18.7,18.25
6146,耕興,TPEX,168.5,-2.5,37090139,171,167.5
6147,頎邦,TPEX,56.5,-0.5,177831316,57,55.9
6148,驊宏資,TPEX,38.9,0,6292765,39.8,38.45
6150,撼訊,TPEX,65,0.2,12931120,65.2,64
6151,晉倫,TPEX,31.25,0,10381994,31.45,31.1
6154,順發,TPEX,13.4,0,249134,13.55,13.4
6156,松上,TPEX,22.6,0,11129448,22.9,22.35
6158,禾昌,TPEX,21.9,0.05,4002915,22.35,21.6
6160,欣技,TPEX,17.85,0.3,3278946,18,17.5
6161,捷波,TPEX,44.05,-0.45,4800893,44.65,43.85
6163,華電網,TPEX,72,-0.7,1823646415,73.6,69.5
6167,久正,TPEX,12.8,-0.1,3729852,12.85,12.6
6169,昱泉,TPEX,19.25,-0.1,349156,19.35,19.2
6170,統振,TPEX,50.3,0.2,10494123,50.6,50.2
6171,大城地產,TPEX,28.25,0.1,802841,28.3,28.15
6173,信昌電,TPEX,74.2,-2.4,4548205969,80.4,74
6174,安碁,TPEX,22.75,-0.8,16504443,23.6,22.75
6175,立敦,TPEX,55.6,-0.3,334093326,57.8,55.2
6179,亞通,TPEX,30.7,-0.3,27053125,31.1,30.45
6180,橘子,TPEX,53,-0.3,26877729,54,53
6182,合晶,TPEX,39.9,0.3,2547840119,40.05,36.95
6185,幃翔,TPEX,15,0.05,1825534,15.1,14.9
6186,新潤,TPEX,50.2,-0.6,16841164,50.9,50.1
6187,萬潤,TPEX,377.5,0.5,321043201,379,372
6188,廣明,TPEX,110,-1.5,268084623,111.5,108.5
6190,萬泰科,TPEX,49.9,1.6,642304065,50.6,47.3
6194,育富,TPEX,34.65,-0.35,1659326,34.8,34.5
6195,詩肯,TPEX,25.5,0.15,506684,25.5,25.4
6198,瑞築,TPEX,26.75,-0.1,1405768,27,26.7
6199,天品,TPEX,113.5,-2,79233680,118,111
6203,海韻電,TPEX,67.6,-0.2,6133030,68.2,67.5
6204,艾華,TPEX,89.1,3.1,76022550,90.6,86
6207,雷科,TPEX,50.7,-0.3,37142149,52.1,50.3
6208,日揚,TPEX,44.9,0,395461,44.95,44.5
6210,慶生,TPEX,21.2,-0.05,1099152,21.8,21.2
6212,理銘,TPEX,39.8,-0.15,716192,40.8,39.2
6217,中探針,TPEX,51.4,-0.5,114573062,52.2,51
6218,豪勉,TPEX,25.05,-0.45,5959771,25.75,24.7
6219,富旺,TPEX,18.75,-0.25,7494111,19,18.5
6220,岳豐,TPEX,25.75,-0.25,2776662,26.15,25.7
6221,晉泰,TPEX,31.55,-0.25,9055973,32.15,31.5
6222,立軒,TPEX,19,0.05,602424,19.15,18.8
6223,旺矽,TPEX,2230,-115,4856919944,2335,2200
6227,茂綸,TPEX,91.2,-0.7,195731149,94,90.6
6228,全譜,TPEX,26,-0.4,391639,26,25.8
6229,研通,TPEX,25.2,0.9,14360875,25.5,24.4
6231,系微,TPEX,213.5,-6,293161733,230,212
6233,旺玖,TPEX,23.95,-0.25,15834513,24.7,23.8
6234,高僑,TPEX,29.65,0.35,67117681,29.8,28.6
6236,中湛,TPEX,23,0.7,23000,23,23
6237,驊訊,TPEX,41.3,0.8,22178781,41.75,40.35
6240,松崗,TPEX,18.95,0,113867,19,18.95
6241,易通展,TPEX,13.35,-0.3,2362031,14.15,13
6242,立康,TPEX,39.15,-0.1,552227,39.4,38.8
6244,茂迪,TPEX,23.4,-0.3,277487760,23.55,22.5
6245,立端,TPEX,68.6,-0.4,20100696,69,68.4
6246,臺龍,TPEX,13.5,-0.1,469160,13.6,13.35
6248,沛波,TPEX,21.6,0.2,3597140,21.8,21.5
6259,百徽,TPEX,18.05,0.3,2003029,18.3,18
6261,久元,TPEX,70.6,-0.2,24895749,70.8,69.6
6263,普萊德,TPEX,130,-1,3608938,131,130
6264,富裔,TPEX,6.51,-0.59,2884886,7.1,6.5
6265,方土昶,TPEX,45.1,0.3,218636658,46.65,43.6
6266,泰詠,TPEX,29.6,0.05,4026415,29.6,29.3
6270,倍微,TPEX,25.9,0.15,13514982,25.9,25.2
6274,台燿,TPEX,481,-4,3487595201,490,475
6275,元山,TPEX,51,-0.5,24005666,51.7,50.8
6276,安鈦克,TPEX,38.4,-0.25,806581,39.1,38
6279,胡連,TPEX,123,-1,44040247,124.5,122
6284,佳邦,TPEX,93.3,0.1,2144350389,97.7,90.4
6290,良維,TPEX,169.5,1.5,522259174,172.5,167
6291,沛亨,TPEX,181,1,62040780,182,177
6292,迅德,TPEX,41.85,0.25,1864228,42.4,41.6
6294,智基,TPEX,45,0.3,1928663,45.15,44.65
6411,晶焱,TPEX,84.9,6.9,233917894,85.4,77.8
6417,韋僑,TPEX,114.5,3.5,31060029,114.5,109.5
6418,詠昇,TPEX,40.2,-0.4,15796021,40.7,38.8
6419,京晨科,TPEX,79,-0.6,8414033,79.7,77.9
6425,易發,TPEX,84.9,1.1,38786029,87.9,83.5
6432,今展科,TPEX,36.8,0.3,46219859,37.55,35.85
6435,大中,TPEX,121,1,55943346,123.5,119.5
6441,廣錠,TPEX,22.35,-0.35,1779470,23.05,22.35
6461,益得,TPEX,22.5,0.05,26661707,23.1,21.6
6462,神盾,TPEX,117,1,59502625,117,114.5
6465,威潤,TPEX,36.55,-0.5,15505651,37.5,36.05
6469,大樹,TPEX,90.7,-0.8,32034538,92.1,90.4
6470,宇智,TPEX,43.55,1.95,10456769,43.65,41.6
6474,華豫寧,TPEX,36.45,0,1018040,36.95,35.7
6482,弘煜科,TPEX,39.4,-0.05,269805,39.6,39.2
6485,點序,TPEX,115,-1,1939579346,124.5,113
6486,互動,TPEX,83.7,-0.7,15754758,84.3,83.3
6488,環球晶,TPEX,489,-27,4307657619,520,486
6492,生華科,TPEX,44.85,0.25,6543077,44.85,44
6494,九齊,TPEX,35.7,0,1369836,36,35.6
6496,科懋,TPEX,30.05,0.05,222719,30.05,29.2
6498,久禾光,TPEX,88.7,-3,5925708,92,88.5
6499,益安,TPEX,99.1,4.6,285959359,103.5,94.2
6506,雙邦,TPEX,15.75,-0.2,1003228,15.95,15.7
6508,惠光,TPEX,23.9,0.1,717392,23.9,23.8
6509,聚和,TPEX,34.1,-0.1,8949047,34.4,33.85
6510,精測,TPEX,2375,-40,993076870,2425,2325
6512,啟發電,TPEX,20.8,-0.25,526175,21.05,20.8
6516,勤崴國際,TPEX,65.7,-0.2,3267468,65.7,64.4
6517,保勝光學,TPEX,82.1,2.3,584787009,84.6,78.3
6523,達爾膚,TPEX,118,0.5,3195765,119,118
6527,明達醫,TPEX,78,0,1378532,78.3,77.9
6530,創威,TPEX,58.8,-0.2,13356281,59.2,58.3
6532,瑞耘,TPEX,57.9,0.5,4075398,58.3,56.6
6535,順藥,TPEX,183.5,2,28517851,186,181.5
6538,倉和,TPEX,66.8,-0.4,2619264,67.2,66.2
6542,隆中,TPEX,48,-1,96000,48,48
6546,正基,TPEX,65.2,-1.4,31198606,66.1,64.3
6547,高端疫苗,TPEX,39.45,1.95,83308669,39.85,37.3
6548,長科*,TPEX,48,-0.4,217774610,48.6,47.3
6556,勝品,TPEX,69.9,-0.9,296743,70,69.1
6560,欣普羅,TPEX,41.25,-0.45,2014278,42.6,41
6561,是方,TPEX,353.5,2.5,34309757,356,349.5
6568,宏觀,TPEX,134.5,3.5,79029071,134.5,129
6569,醫揚,TPEX,109.5,-0.5,1347777,109.5,109
6570,維田,TPEX,39.2,-0.05,2324959,39.3,38.8
6574,霈方,TPEX,66,0.5,285985,66,65.5
6576,逸達,TPEX,80,0,5894650,80,79.4
6577,勁豐,TPEX,71.8,-0.5,1501977,72.3,71.7
6578,達邦蛋白,TPEX,20.05,0.1,2894180,20.2,19.85
6584,南俊國際,TPEX,312,-0.5,117142041,316,309.5
6588,東典光電,TPEX,52.5,4.7,83244550,52.5,47.05
6590,普鴻,TPEX,73.7,0.7,856855,73.9,73.1
6593,台灣銘板,TPEX,37.1,-0.65,1918543,37.8,37
6596,寬宏藝術,TPEX,142.5,0.5,16638710,143.5,142
6597,立誠,TPEX,52.5,-0.5,537049,53.6,52.5
6603,富強鑫,TPEX,31.35,0.05,151944439,31.75,30.6
6609,瀧澤科,TPEX,41.25,1.5,44805387,41.65,39.5
6612,奈米醫材,TPEX,85.2,4.9,24605294,88.3,83.5
6613,朋億*,TPEX,208.5,7.5,96934275,211.5,202.5
6615,慧智,TPEX,29.55,0,88683,29.55,29.25
6616,特昇-KY,TPEX,10,-0.15,879811,10.25,9.99
6617,共信-KY,TPEX,80.4,1.2,25322193,81.8,79.3
6620,漢達,TPEX,90.8,2.4,61516661,92.4,88.3
6624,萬年清,TPEX,61.8,-4.4,19584132,66.4,60
6629,泰金-KY,TPEX,121,0,1706887,123.5,121
6637,醫影,TPEX,79.5,-0.3,1643241,80.1,79.4
6640,均華,TPEX,765,-28,412795044,794,757
6642,富致,TPEX,54.1,-0.2,8208586,55.3,54.1
6643,M31,TPEX,407.5,-11.5,198370760,420.5,407.5
6649,台生材,TPEX,51.2,2.4,12150907,52.4,49.4
6651,全宇昕,TPEX,82,0.6,6170805,82.1,81
6654,天正國際,TPEX,96.9,0.2,3927201,98,96.5
6661,威健生技,TPEX,18.6,-0.15,132124,18.95,18.6
6662,樂斯科,TPEX,30.25,0.15,370100,30.4,30
6664,群翊,TPEX,300,1,207639083,303.5,292
6667,信紘科,TPEX,274.5,4.5,226919569,275,268
6679,鈺太,TPEX,173.5,-5,29302871,180,173
6680,鑫創電子,TPEX,63.9,0.7,5702060,66.4,61.8
6683,雍智科技,TPEX,402,-3,171744697,409,398
6684,安格,TPEX,49.45,-0.75,6107958,50.4,49.4
6690,安碁資訊,TPEX,169.5,-0.5,2566257,170.5,169
6692,進能服,TPEX,32.35,-0.05,889698,32.5,31.5
6693,廣閎科,TPEX,89.3,-6.6,62152190,96.5,89.3
6697,東捷資訊,TPEX,48.4,1.25,2067312,48.8,47.5
6703,軒郁,TPEX,111,3,16339301,112,109.5
6708,天擎,TPEX,42.1,0.15,721636,42.55,41.95
6712,長聖,TPEX,160,-1,46341788,160.5,159.5
6716,應廣,TPEX,46.9,-0.25,756313,47.7,46.8
6720,久昌,TPEX,118,0,3072850,119,117
6721,信實,TPEX,62,0,390219,62,62
6725,矽科宏晟,TPEX,275,-6,139128690,282,271.5
6727,亞泰金屬,TPEX,179,6,186062554,187.5,173
6728,上洋,TPEX,143,-1,4014585,144,143
6730,常廣,TPEX,36.8,-2.5,1986723,38.1,36.75
6732,昇佳電子,TPEX,176.5,0.5,33910608,177,171
6733,博晟生醫,TPEX,37.7,0.15,6238508,38.15,37.5
6735,美達科技,TPEX,58.9,-1.3,6225028,61,58.9
6739,竹陞科技,TPEX,725,2,111638680,728,712
6741,91APP*-KY,TPEX,72.9,-0.4,44345988,75.7,72.9
6751,智聯服務,TPEX,59.5,3.1,18092428,62,56.4
6752,叡揚,TPEX,125,-1,5235103,126.5,124.5
6761,穩得,TPEX,132,-2.5,49508647,134.5,130.5
6762,達亞,TPEX,176.5,-3.5,5258244,176.5,170
6763,綠界科技*,TPEX,56.6,-0.8,22425815,57.7,56.6
6767,台微醫,TPEX,27.6,0.1,548827,27.6,27.35
6785,昱展新藥,TPEX,279.5,3,32808584,283,272.5
6788,華景電,TPEX,345,2,491210362,350,338.5
6791,虎門科技,TPEX,111,-3.5,9125003,115.5,111
6803,崑鼎,TPEX,309.5,1.5,36103708,310,306.5
6804,明係,TPEX,17.2,-0.1,150388,17.5,17.15
6811,宏碁資訊,TPEX,210,-2.5,17589391,212.5,209
6821,聯寶,TPEX,36.55,-0.65,843199,37.2,36.5
6823,濾能,TPEX,79.1,-2.6,26734487,81,77.6
6829,千附精密,TPEX,113,-1,17418303,114,112.5
6840,東研信超,TPEX,63.1,0.9,3708448,63.3,61.7
6841,長佳智能,TPEX,68.4,-0.6,13928461,69.6,67.9
6843,進典,TPEX,53.1,-0.7,1478166,54.3,52.4
6844,諾貝兒,TPEX,71,-1,153430,72,71
6846,綠茵,TPEX,73.6,-0.2,2099909,73.7,73.4
6855,數泓科,TPEX,114.5,-4.5,119930,114.5,114.5
6856,鑫傳,TPEX,54.8,-0.2,112719,54.8,54.8
6859,伯特光,TPEX,111,0.5,5851478,112.5,109.5
6865,偉康科技,TPEX,48.5,0.4,97040,48.5,48.4
6870,騰雲,TPEX,206,-3.5,13298842,209,205
6872,浩宇生醫,TPEX,20.35,-0.15,462523,20.95,20.25
6874,倍力,TPEX,68,1,2434865,68.1,66.7
6875,國邑*,TPEX,50.4,0.75,12566611,52.2,49.9
6877,鏵友益,TPEX,86,0.3,6579460,86,84.5
6884,海柏特,TPEX,37.85,1.2,3809366,38.05,36.8
6894,衛司特,TPEX,230,-6.5,40789992,235.5,224.5
6895,宏碩系統,TPEX,179,-4.5,21104011,186,178.5
6899,創為精密,TPEX,54.5,1.2,856921,54.5,53.1
6903,巨漢,TPEX,278,-8,642259221,285,274
6904,伯鑫,TPEX,122,7,2392896,124,115.5
6910,德鴻,TPEX,36.05,-0.55,12360975,37.3,35
6913,鴻呈,TPEX,119.5,1,23648045,122.5,117
6922,宸曜,TPEX,160,-1,8831382,162.5,160
6925,意藍,TPEX,88.7,0,4873618,89.3,88.2
6929,佑全,TPEX,32,0.8,175130,32,32
6953,家碩,TPEX,269,-6,63984584,271.5,263.5
6967,汎瑋材料,TPEX,70.3,-1.3,7441665,72,70
6968,萬達寵物,TPEX,54.5,0.3,1896664,55.9,54
6971,惠民實業,TPEX,31,-0.8,4918376,31.6,30.5
6982,大井泵浦,TPEX,65.4,-0.5,1195777,65.9,64.6
6996,力領科技,TPEX,163.5,-3,23128057,168,162.5
6997,博弘,TPEX,89.5,0.2,269117,89.5,89.5
7402,邑錡,TPEX,136.5,0,102146800,137,134.5
7547,碩網,TPEX,59.1,0.3,2154549,59.6,58.8
7556,意德士,TPEX,163.5,1,1727588,164,160
7584,樂意,TPEX,39.9,-0.55,321350,40.7,39.8
7642,昶瑞機電,TPEX,77.7,-0.1,1428376,78,77.6
7703,銳澤,TPEX,240.5,-4.5,45284989,245,239
7704,明遠精密,TPEX,47.7,1.35,2298375,47.7,46.5
7708,全家餐飲,TPEX,95,0,1644631,95,94.8
7709,榮田,TPEX,38,-1,770350,39.05,38
7712,博盛半導體,TPEX,82,-1.4,20812121,83.3,81.1
7713,威力德生醫,TPEX,70.6,-0.9,354469,71,70.6
7714,創泓科技,TPEX,168.5,2.5,41893070,172,166
7715,裕山,TPEX,38.1,-1.9,171871519,44,37.7
7716,昱臺國際,TPEX,25.5,0.2,332977,25.5,25.25
7717,萊德光電-KY,TPEX,479.5,43.5,1115032495,479.5,440.5
7718,友鋮,TPEX,44.4,0,1819968,44.5,44
7723,築間,TPEX,34.35,-0.2,6613263,34.9,34.1
7728,光焱科技,TPEX,603,-19,24066320,622,600
7734,印能科技,TPEX,1010,26,143428445,1025,952
7738,東聯互動,TPEX,176.5,-2.5,7171030,179,176
7743,金利食安,TPEX,20.5,-0.25,2205020,20.5,20
7744,崴寶,TPEX,347,-6,124905008,366.5,347
7747,昕奇雲端,TPEX,120.5,1.5,2778140,121.5,119.5
7751,竑騰,TPEX,846,-30,404537017,875,823
7753,星亞,TPEX,42.7,0.25,329431,42.7,42.3
7757,金色三麥,TPEX,115.5,-1.5,2740551,118,115
7767,仁大資訊,TPEX,48,0.25,584561,48,47.75
7770,君曜,TPEX,57.8,-0.2,1177922,58,57.3
7777,能率亞洲,TPEX,24.75,-0.5,16026021,25.35,24.4
7782,光速火箭,TPEX,28.5,0.05,293106,28.5,28.35
7805,威聯通,TPEX,616,-10,49379717,625,613
7810,捷創科技,TPEX,288,-16,311632969,306,286
8024,佑華,TPEX,12.4,-0.25,932606,12.6,12.35
8027,鈦昇,TPEX,106,0.5,147660885,108,104
8032,光菱,TPEX,38.2,-0.15,1556807,38.35,37.95
8034,榮群,TPEX,27.4,0.75,110474180,27.5,26
8038,長園科,TPEX,55,1.8,232326324,56.2,50.2
8040,九暘,TPEX,50,-1,6819665,51,49.55
8042,金山電,TPEX,71,0.6,3557097621,76.5,69.5
8043,蜜望實,TPEX,100.5,1.8,4712554139,108.5,99.2
8044,網家,TPEX,30,-0.5,8750354,30.5,29.85
8047,星雲,TPEX,47.8,-1,9036415,49,47.5
8048,德勝,TPEX,52.6,-0.4,32566633,53.3,52
8049,晶采,TPEX,27.25,-0.3,5053468,27.5,27.1
8050,廣積,TPEX,43.7,-0.5,15331508,44.2,43.3
8054,安國,TPEX,120,0.5,146750712,121.5,119
8059,凱碩,TPEX,23.25,0.55,27118020,23.5,21.9
8064,東捷,TPEX,56.8,1.7,625881023,57.6,54.3
8066,來思達,TPEX,20.1,0.25,1667019,20.1,19.75
8067,志旭,TPEX,14.85,-0.15,15856,14.85,14.85
8068,全達,TPEX,27.95,0.7,18550931,28.25,26.9
8069,元太,TPEX,173,-2.5,566838921,176.5,172.5
8071,能率網通,TPEX,17.95,0.05,4229947,18.05,17.75
8074,鉅橡,TPEX,58,0,1379471365,61.2,57
8076,伍豐,TPEX,24.45,-0.1,16767885,24.55,24.05
8080,泰霖,TPEX,47.75,4.3,165470270,47.75,44.95
8083,瑞穎,TPEX,162.5,2,32538623,162.5,160.5
8084,巨虹,TPEX,58,0.6,8520832,58.7,56.3
8085,福華,TPEX,17.75,0.55,27290150,17.95,16.9
8086,宏捷科,TPEX,113.5,0.5,175193922,113.5,111
8087,麗升能源,TPEX,30.6,-0.2,459293,30.8,30.45
8088,品安,TPEX,60.5,5.5,1019724515,60.5,54.7
8089,康全電訊,TPEX,29.75,-0.7,11497879,31,29.05
8091,翔名,TPEX,128.5,1.5,70134082,129.5,124.5
8092,建暐,TPEX,14.55,-0.45,2613595,15.3,14.3
8093,保銳,TPEX,18.5,-0.35,947038,18.55,18
8096,擎亞,TPEX,51.3,-0.7,116109831,52.2,51.2
8097,常珵,TPEX,58.9,-0.8,3739452,59,58.5
8099,大世科,TPEX,73.6,-0.1,7086167,73.7,73.1
8102,傑霖科技,TPEX,60.3,-0.1,1209665,61.5,60.1
8107,大億金茂,TPEX,14.15,-0.1,1167771,14.35,14.1
8109,博大,TPEX,110.5,0,30521989,110.5,107.5
8111,立碁,TPEX,67.5,-0.7,79744922,68.4,67.4
8121,越峰,TPEX,30.3,0,27948539,30.45,29.3
8147,正淩,TPEX,104.5,-1.5,8610840,105,104
8155,博智,TPEX,176.5,-2.5,118404236,178,175.5
8171,天宇,TPEX,28.05,0.4,48135204,29.5,27.9
8176,智捷,TPEX,11.45,0,3512042,11.55,11.3
8182,加高,TPEX,28.65,0.15,25811828,29.95,28.2
8183,精星,TPEX,34.4,-0.15,13858922,34.9,33.9
8227,巨有科技,TPEX,141.5,-3,35517593,144,141
8234,新漢,TPEX,73.8,0.8,45535477,74.2,71.8
8240,華宏,TPEX,45.4,-0.8,89850693,46.2,44.55
8255,朋程,TPEX,122,-2,24379911,124,122
8272,全景軟體,TPEX,80,0.4,171237,80,80
8277,商丞,TPEX,8.82,-0.08,2019947,8.89,8.78
8279,生展,TPEX,126,0.5,8807044,127.5,124
8284,三竹,TPEX,63.3,0,1219208,63.3,63.2
8289,泰藝,TPEX,26.25,1.25,95671889,27.5,25.6
8299,群聯,TPEX,1795,20,3030081805,1810,1765
8349,恒耀,TPEX,43.6,0.5,4989358,43.6,42.9
8354,冠好,TPEX,15.7,-0.1,557404,15.85,15.7
8358,金居,TPEX,268,7,608875955,268,262
8383,千附,TPEX,42.05,0.15,13310749,42.15,41.65
8390,金益鼎,TPEX,99.8,-3.2,237233280,104.5,98.6
8401,白紗科,TPEX,29.6,0.25,2125143,29.6,29.1
8403,盛弘,TPEX,23.9,-0.1,2863311,24.1,23.8
8409,商之器,TPEX,21.5,0,258189,21.6,21.4
8410,森田,TPEX,38.05,0.95,3097191,38.1,37.15
8415,大國鋼,TPEX,33.7,0,5424979,33.9,33.6
8416,實威,TPEX,185.5,0.5,1307223,185.5,183
8421,旭源,TPEX,13.2,-0.05,433926,13.4,13.2
8423,保綠-KY,TPEX,18.85,0.1,382824,19.1,18.75
8424,惠普,TPEX,73.5,-0.1,466637,73.6,73.5
8426,紅木-KY,TPEX,28.2,0.15,623738,28.35,28.15
8431,匯鑽科,TPEX,70.5,-0.2,130622666,72.3,69.4
8432,東生華,TPEX,55.7,-0.6,3813776,56.4,55.6
8433,弘帆,TPEX,59.9,1.1,8448632,60,57.5
8435,鉅邁,TPEX,53.7,-0.2,1967546,53.9,53.6
8436,大江,TPEX,134.5,1,191330358,136,132.5
8437,大地-KY,TPEX,16.65,-0.05,1330461,16.8,16.5
8440,綠電,TPEX,28.9,-0.8,120975940,31.8,28.25
8444,綠河-KY,TPEX,10.3,0.15,163069,10.3,10
8446,華研,TPEX,95.2,-0.4,9886065,95.6,95
8450,霹靂,TPEX,17.2,-0.05,1232290,17.3,17
8455,大拓-KY,TPEX,22,-0.35,66100,22.1,22
8472,夠麻吉,TPEX,67,0.2,1285807,68.8,67
8477,創業家,TPEX,12.15,0.05,246865,12.2,11.9
8489,三貝德,TPEX,42.25,1.1,6288210,42.5,40.2
8905,裕國,TPEX,31.5,0.15,411650,31.5,31.3
8906,花王,TPEX,39.85,-0.05,1308106,41,39.65
8908,欣雄,TPEX,43.15,0.1,2100168,43.25,43
8916,光隆,TPEX,49.65,0,4163676,49.85,49.35
8921,沈氏,TPEX,18.3,0,164300,18.3,18.25
8923,時報,TPEX,19.4,0,38907,19.45,19.4
8924,大田,TPEX,72.4,-0.3,11306205,72.7,71.9
8927,北基,TPEX,24.15,-0.2,12060559,24.5,24
8928,鉅明,TPEX,24.8,-0.1,1395780,25.25,24.75
8929,富堡,TPEX,16.65,-0.05,322586,16.65,16.45
8930,青鋼,TPEX,32,0.4,1886491,32.2,31.75
8931,大汽電,TPEX,45.45,-0.25,1321628,45.95,45.15
8932,智通*,TPEX,188,13.5,702128988,191.5,173
8933,愛地雅,TPEX,6.02,0.01,1712589,6.03,5.99
8935,邦泰,TPEX,18.65,0.25,4374796,19.1,18.3
8936,國統,TPEX,54.5,-0.6,67962293,55.6,54.4
8937,合騏,TPEX,151,0.5,15130048,154,150.5
8938,明安,TPEX,72.5,-0.1,9625713,72.9,72.1
8941,關中,TPEX,46.2,0.2,543806,47,45.9
8942,森鉅,TPEX,34.55,-0.35,7055726,34.9,34.35
9949,琉園,TPEX,25.85,0.35,1284213,26.3,25.35
9950,萬國通,TPEX,10.5,0,571047,10.5,10.45
9951,皇田,TPEX,55.5,0,6393564,55.8,55.1
9960,邁達康,TPEX,23.1,-0.05,2946788,23.3,23
9962,有益,TPEX,11.4,0.5,5557063,11.5,11